id,name,created_at,updated_at,availability,category_id,ancestry
7,oignon,2017-12-13 17:06:23.452741,2019-01-29 10:37:13.37345,"01, 02, 03, 04, 05, 06, 07, 08, 09, 10, 11, 12",14,
4,semoule,2017-12-13 17:04:26.719795,2019-01-29 10:37:13.530398,"01, 02, 03, 04, 05, 06, 07, 08, 09, 10, 11, 12",21,
42,mâche,2017-12-14 14:59:35.055577,2019-01-29 10:37:13.63185,"01, 02, 03, 04, 05, 06, 07, 08, 09, 10, 11, 12",14,86
14,roquette,2017-12-13 17:16:44.709343,2019-01-29 10:37:13.724114,"05, 06, 07, 08, 09, 10, 11",14,86
54,crème liquide,2017-12-14 15:43:30.359671,2019-01-29 10:37:13.873262,"01, 02, 03, 04, 05, 06, 07, 08, 09, 10, 11, 12",32,
5,tomate,2017-12-13 17:05:08.270022,2019-01-29 10:37:14.081636,"05, 06, 07, 08, 09",14,
147,mozzarella di Bufala,2017-12-14 18:08:25.001707,2019-04-16 09:58:29.667218,"01, 02, 03, 04, 05, 06, 07, 08, 09, 10, 11, 12",30,43
64,farine de blé,2017-12-14 16:06:58.112874,2019-01-29 10:37:14.377833,"01, 02, 03, 04, 05, 06, 07, 08, 09, 10, 11, 12",21,237
31,avocat,2017-12-13 17:35:10.493732,2019-01-29 10:37:14.932003,"01, 02, 03, 04, 05, 06, 07, 08, 09, 10, 11, 12",15,
65,huile de friture,2017-12-14 16:08:06.957313,2019-01-29 10:37:04.865126,"01, 02, 03, 04, 05, 06, 07, 08, 09, 10, 11, 12",36,
283,fines herbes,2017-12-18 17:13:03.008391,2019-01-29 10:37:05.267355,"01, 02, 03, 04, 05, 06, 07, 08, 09, 10, 11, 12",44,
21,riz,2017-12-13 17:24:56.856523,2019-01-29 10:37:05.344815,"01, 02, 03, 04, 05, 06, 07, 08, 09, 10, 11, 12",20,
41,sauce soja,2017-12-13 17:42:48.203394,2019-01-29 10:37:05.480749,"01, 02, 03, 04, 05, 06, 07, 08, 09, 10, 11, 12",37,
71,gruyère,2017-12-14 16:13:50.687115,2019-01-29 10:37:05.607013,"01, 02, 03, 04, 05, 06, 07, 08, 09, 10, 11, 12",30,
69,jus de citron,2017-12-14 16:12:40.757003,2019-01-29 10:37:05.734231,"01, 02, 03, 04, 05, 06, 07, 08, 09, 10, 11, 12",41,
67,menthe,2017-12-14 16:11:40.572035,2019-01-29 10:37:05.889916,"01, 02, 03, 04, 05, 06, 07, 08, 09, 10, 11, 12",44,
30,oeuf,2017-12-13 17:33:52.371253,2019-01-29 10:37:06.103351,"01, 02, 03, 04, 05, 06, 07, 08, 09, 10, 11, 12",24,
63,paprika,2017-12-14 16:06:28.987868,2019-01-29 10:37:06.594793,"01, 02, 03, 04, 05, 06, 07, 08, 09, 10, 11, 12",44,
24,pâte brisée,2017-12-13 17:28:10.737556,2019-01-29 10:37:06.732737,"01, 02, 03, 04, 05, 06, 07, 08, 09, 10, 11, 12",17,
61,mascarpone,2017-12-14 15:49:28.802582,2019-01-29 10:37:06.899446,"01, 02, 03, 04, 05, 06, 07, 08, 09, 10, 11, 12",30,
60,basilic,2017-12-14 15:48:43.675613,2019-01-29 10:37:07.145634,"01, 02, 03, 04, 05, 06, 07, 08, 09, 10, 11, 12",44,
29,fromage râpé,2017-12-13 17:33:01.239436,2019-01-29 10:37:07.376959,"01, 02, 03, 04, 05, 06, 07, 08, 09, 10, 11, 12",30,
52,parmesan,2017-12-14 15:42:02.880777,2019-01-29 10:37:07.505442,"01, 02, 03, 04, 05, 06, 07, 08, 09, 10, 11, 12",30,
16,fromage frais aux herbes,2017-12-13 17:20:07.640253,2019-01-29 10:37:07.624402,"01, 02, 03, 04, 05, 06, 07, 08, 09, 10, 11, 12",30,
51,pesto,2017-12-14 15:41:48.700431,2019-01-29 10:37:07.735739,"01, 02, 03, 04, 05, 06, 07, 08, 09, 10, 11, 12",37,
47,vinaigrette,2017-12-14 15:31:30.305126,2019-01-29 10:37:07.888571,"01, 02, 03, 04, 05, 06, 07, 08, 09, 10, 11, 12",37,
10,poivre,2017-12-13 17:08:30.609849,2019-01-29 10:37:08.029259,"01, 02, 03, 04, 05, 06, 07, 08, 09, 10, 11, 12",37,
20,vin blanc,2017-12-13 17:24:39.547842,2019-01-29 10:37:08.234498,"01, 02, 03, 04, 05, 06, 07, 08, 09, 10, 11, 12",45,
34,saumon fumé,2017-12-13 17:38:05.443542,2019-01-29 10:37:08.444133,"01, 02, 03, 04, 05, 06, 07, 08, 09, 10, 11, 12",25,
57,filet de saumon,2017-12-14 15:47:57.437036,2019-01-29 10:37:08.59748,"01, 02, 03, 04, 05, 06, 07, 08, 09, 10, 11, 12",25,
27,boite de thon,2017-12-13 17:32:25.64453,2019-01-29 10:37:08.744225,"01, 02, 03, 04, 05, 06, 07, 08, 09, 10, 11, 12",25,
11,sel,2017-12-13 17:08:35.974525,2019-01-29 10:37:08.914942,"01, 02, 03, 04, 05, 06, 07, 08, 09, 10, 11, 12",42,
17,beurre,2017-12-13 17:23:03.155588,2019-01-29 10:37:09.055813,"01, 02, 03, 04, 05, 06, 07, 08, 09, 10, 11, 12",34,
1,huile d'olive,2017-12-13 16:22:19.995531,2019-01-29 10:37:09.208085,"01, 02, 03, 04, 05, 06, 07, 08, 09, 10, 11, 12",36,
46,croutons,2017-12-14 15:01:57.843795,2019-01-29 10:37:09.389184,"01, 02, 03, 04, 05, 06, 07, 08, 09, 10, 11, 12",17,
43,mozzarella,2017-12-14 15:00:33.371778,2019-01-29 10:37:09.621466,"01, 02, 03, 04, 05, 06, 07, 08, 09, 10, 11, 12",30,
40,wasabi,2017-12-13 17:42:21.356994,2019-01-29 10:37:09.893601,"01, 02, 03, 04, 05, 06, 07, 08, 09, 10, 11, 12",37,
39,vinaigre de riz,2017-12-13 17:41:37.447498,2019-01-29 10:37:10.093765,"01, 02, 03, 04, 05, 06, 07, 08, 09, 10, 11, 12",37,
36,sésame,2017-12-13 17:40:18.799153,2019-01-29 10:37:10.324556,"01, 02, 03, 04, 05, 06, 07, 08, 09, 10, 11, 12",15,
35,nori,2017-12-13 17:39:21.942247,2019-01-29 10:37:10.489835,"01, 02, 03, 04, 05, 06, 07, 08, 09, 10, 11, 12",46,
33,surimi,2017-12-13 17:37:20.376238,2019-01-29 10:37:10.627212,"01, 02, 03, 04, 05, 06, 07, 08, 09, 10, 11, 12",26,
32,boite de crabe,2017-12-13 17:35:56.085148,2019-01-29 10:37:10.864961,"01, 02, 03, 04, 05, 06, 07, 08, 09, 10, 11, 12",26,
23,curry,2017-12-13 17:26:08.762302,2019-01-29 10:37:11.078531,"01, 02, 03, 04, 05, 06, 07, 08, 09, 10, 11, 12",44,
22,ananas,2017-12-13 17:25:14.698276,2019-01-29 10:37:11.182533,"01, 02, 03, 04, 10, 11, 12",11,
19,poisson blanc,2017-12-13 17:24:03.526682,2019-01-29 10:37:11.315827,"01, 02, 03, 04, 05, 06, 07, 08, 09, 10, 11, 12",26,
18,crevette,2017-12-13 17:23:34.325818,2019-01-29 10:37:11.482445,"01, 02, 03, 04, 05, 06, 07, 08, 09, 10, 11, 12",26,
9,citron,2017-12-13 17:08:05.39187,2019-01-29 10:37:11.60693,"01, 02, 03, 04, 05, 06, 07, 08, 09, 10, 11, 12",11,
8,persil,2017-12-13 17:07:48.830435,2019-01-29 10:37:11.726798,"01, 02, 03, 04, 05, 06, 07, 08, 09, 10, 11, 12",44,
37,riz rond,2017-12-13 17:40:38.001671,2019-01-29 10:37:11.822624,"01, 02, 03, 04, 05, 06, 07, 08, 09, 10, 11, 12",21,21
15,tomate cerise,2017-12-13 17:18:25.479549,2019-01-29 10:37:11.901735,"05, 06, 07, 08, 09",14,5
50,tomate confite,2017-12-14 15:41:25.953879,2019-01-29 10:37:12.028125,"01, 02, 03, 04, 05, 06, 07, 08, 09, 10, 11, 12",37,5
13,carpaccio de boeuf,2017-12-13 17:16:09.523893,2019-01-29 10:37:12.133915,"01, 02, 03, 04, 05, 06, 07, 08, 09, 10, 11, 12",27,509
55,faux-filet,2017-12-14 15:44:42.112538,2019-01-29 10:37:12.250681,"01, 02, 03, 04, 05, 06, 07, 08, 09, 10, 11, 12",27,509
2,steak haché,2017-12-13 16:26:41.302203,2019-01-29 10:37:12.345542,"01, 02, 03, 04, 05, 06, 07, 08, 09, 10, 11, 12",27,509
72,roti de dinde,2017-12-14 16:14:24.422431,2019-01-29 10:37:12.44175,"01, 02, 03, 04, 05, 06, 07, 08, 09, 10, 11, 12",28,511
70,pain de mie complet,2017-12-14 16:13:33.713976,2019-01-29 10:37:12.564737,"01, 02, 03, 04, 05, 06, 07, 08, 09, 10, 11, 12",16,84
28,herbes de provence,2017-12-13 17:32:40.746177,2019-01-29 10:37:12.662438,"01, 02, 03, 04, 05, 06, 07, 08, 09, 10, 11, 12",44,
66,quinoa,2017-12-14 16:10:48.449886,2019-04-25 16:41:47.049781,"01, 02, 03, 04, 05, 06, 07, 08, 09, 10, 11, 12",20,
145,vinaigre balsamique,2017-12-14 18:07:27.020932,2019-01-29 10:37:12.947765,"01, 02, 03, 04, 05, 06, 07, 08, 09, 10, 11, 12",37,
239,raviole,2017-12-15 14:45:47.02917,2019-01-29 10:37:13.08389,"01, 02, 03, 04, 05, 06, 07, 08, 09, 10, 11, 12",21,3
68,échalote,2017-12-14 16:12:13.39211,2019-01-29 10:37:13.269954,"01, 02, 03, 04, 05, 06, 07, 08, 09, 10, 11, 12",14,
59,courgette,2017-12-14 15:48:26.394094,2019-01-29 10:37:13.974954,"05, 06, 07, 08, 09",14,
73,laitue,2017-12-14 16:15:34.292517,2019-01-29 10:37:14.475532,"01, 02, 03, 04, 05, 06, 07, 08, 09, 10, 11, 12",14,86
25,crème épaisse,2017-12-13 17:28:49.274899,2019-01-29 10:37:15.168287,"01, 02, 03, 04, 05, 06, 07, 08, 09, 10, 11, 12",32,
53,pomme de terre,2017-12-14 15:43:02.675158,2019-01-30 09:44:43.914079,"",14,
86,salade,2017-12-14 16:30:52.392348,2019-01-29 10:37:23.767664,"01, 02, 03, 04, 05, 06, 07, 08, 09, 10, 11, 12",14,
97,épinard,2017-12-14 16:42:31.858237,2019-01-29 10:37:23.855034,"01, 02, 03, 04, 05, 06, 07, 08, 09, 10, 11, 12",14,
83,poireau,2017-12-14 16:29:19.72591,2019-01-29 10:37:23.928135,"01, 02, 03, 04, 05, 06, 07, 11, 12",14,
118,carotte,2017-12-14 17:12:50.866776,2019-01-29 10:37:24.058252,"01, 02, 03, 04, 05, 06, 07, 08, 09, 10, 11, 12",14,
115,patate douce,2017-12-14 17:05:40.829752,2019-01-29 10:37:24.181147,"01, 02, 03, 04, 05, 06, 07, 08, 09, 10, 11, 12",14,
117,oignon blanc,2017-12-14 17:12:36.304692,2019-01-29 10:37:24.310737,"01, 02, 03, 04, 05, 06, 07, 08, 09, 10, 11, 12",14,7
122,farine,2017-12-14 17:13:57.660272,2019-01-29 10:37:24.432882,"01, 02, 03, 04, 05, 06, 07, 08, 09, 10, 11, 12",21,237
58,oignon jaune,2017-12-14 15:48:13.124466,2019-01-29 10:37:25.512069,"01, 02, 03, 04, 05, 06, 07, 08, 09, 10, 11, 12",14,7
92,jambon cuit,2017-12-14 16:38:34.301539,2019-04-16 09:50:36.938416,"01, 02, 03, 04, 05, 06, 07, 08, 09, 10, 11, 12",23,96
127,huile piquante,2017-12-14 17:18:10.065002,2019-01-29 10:37:15.373254,"01, 02, 03, 04, 05, 06, 07, 08, 09, 10, 11, 12",37,
79,comté,2017-12-14 16:21:08.039507,2019-01-29 10:37:15.504425,"01, 02, 03, 04, 05, 06, 07, 08, 09, 10, 11, 12",30,
106,huile de sésame,2017-12-14 16:55:34.379776,2019-01-29 10:37:15.711707,"01, 02, 03, 04, 05, 06, 07, 08, 09, 10, 11, 12",36,
141,fougasse,2017-12-14 18:02:35.570802,2019-01-29 10:37:15.853867,"01, 02, 03, 04, 05, 06, 07, 08, 09, 10, 11, 12",17,
75,ketchup,2017-12-14 16:16:04.461951,2019-01-29 10:37:16.093812,"01, 02, 03, 04, 05, 06, 07, 08, 09, 10, 11, 12",37,
76,mayonnaise,2017-12-14 16:16:13.745683,2019-01-29 10:37:16.341298,"01, 02, 03, 04, 05, 06, 07, 08, 09, 10, 11, 12",37,
80,moutarde,2017-12-14 16:21:15.998302,2019-01-29 10:37:16.467772,"01, 02, 03, 04, 05, 06, 07, 08, 09, 10, 11, 12",37,
140,vinaigre de Xérès,2017-12-14 17:58:17.882875,2019-01-29 10:37:16.587403,"01, 02, 03, 04, 05, 06, 07, 08, 09, 10, 11, 12",37,
138,levure chimique,2017-12-14 17:44:42.778571,2019-01-29 10:37:16.706766,"01, 02, 03, 04, 05, 06, 07, 08, 09, 10, 11, 12",18,
98,riz blanc,2017-12-14 16:43:15.500116,2019-01-29 10:37:16.812489,"01, 02, 03, 04, 05, 06, 07, 08, 09, 10, 11, 12",21,21
78,tomate ronde,2017-12-14 16:20:55.220584,2019-01-29 10:37:16.938865,"05, 06, 07, 08, 09",14,5
205,crème de soja,2017-12-15 13:25:41.144565,2019-01-29 10:37:17.14798,"01, 02, 03, 04, 05, 06, 07, 08, 09, 10, 11, 12",37,
95,champignon de Paris,2017-12-14 16:40:55.785395,2019-01-29 10:37:17.293498,"01, 02, 03, 04, 05, 06, 07, 08, 09, 10, 11, 12",14,308
108,poivron rouge,2017-12-14 16:56:12.272179,2019-01-29 10:37:17.409861,"06, 07, 08, 09, 10",14,269
137,lait,2017-12-14 17:44:23.695257,2019-01-29 10:37:17.613397,"01, 02, 03, 04, 05, 06, 07, 08, 09, 10, 11, 12",31,
107,poivron vert,2017-12-14 16:56:01.606847,2019-01-29 10:37:17.759454,"06, 07, 08, 09, 10",14,269
126,coulis de tomates,2017-12-14 17:17:25.083632,2019-01-29 10:37:17.913467,"01, 02, 03, 04, 05, 06, 07, 08, 09, 10, 11, 12",37,5
111,sauce tomate,2017-12-14 16:58:35.528844,2019-01-29 10:37:18.069612,"01, 02, 03, 04, 05, 06, 07, 08, 09, 10, 11, 12",37,5
134,boeuf haché,2017-12-14 17:40:55.823014,2019-01-29 10:37:18.179504,"01, 02, 03, 04, 05, 06, 07, 08, 09, 10, 11, 12",27,509
130,bouillon de légumes,2017-12-14 17:34:53.865081,2019-01-29 10:37:18.329225,"01, 02, 03, 04, 05, 06, 07, 08, 09, 10, 11, 12",37,
116,paleron de boeuf,2017-12-14 17:12:01.801104,2019-01-29 10:37:18.437326,"01, 02, 03, 04, 05, 06, 07, 08, 09, 10, 11, 12",27,509
144,filet de dinde,2017-12-14 18:06:43.684825,2019-01-29 10:37:18.537541,"01, 02, 03, 04, 05, 06, 07, 08, 09, 10, 11, 12",28,511
85,blanc de poulet,2017-12-14 16:30:40.556775,2019-01-29 10:37:18.675613,"01, 02, 03, 04, 05, 06, 07, 08, 09, 10, 11, 12",28,327
143,macaroni,2017-12-14 18:03:29.973892,2019-01-29 10:37:18.842248,"01, 02, 03, 04, 05, 06, 07, 08, 09, 10, 11, 12",21,3
133,spaghetti,2017-12-14 17:40:35.793002,2019-01-29 10:37:19.102656,"01, 02, 03, 04, 05, 06, 07, 08, 09, 10, 11, 12",21,3
123,feuille de laurier,2017-12-14 17:14:49.080817,2019-01-29 10:37:19.643613,"01, 02, 03, 04, 05, 06, 07, 08, 09, 10, 11, 12",44,
121,vin rouge,2017-12-14 17:13:47.368455,2019-01-29 10:37:19.829739,"01, 02, 03, 04, 05, 06, 07, 08, 09, 10, 11, 12",45,
119,bouquet garni,2017-12-14 17:13:14.27021,2019-01-29 10:37:20.001499,"01, 02, 03, 04, 05, 06, 07, 08, 09, 10, 11, 12",44,
114,muscade,2017-12-14 17:03:17.931383,2019-01-29 10:37:20.152539,"01, 02, 03, 04, 05, 06, 07, 08, 09, 10, 11, 12",44,
87,saumon,2017-12-14 16:32:12.777921,2019-01-29 10:37:20.341924,"01, 02, 03, 04, 05, 06, 07, 08, 09, 10, 11, 12",25,
103,pavé de saumon,2017-12-14 16:51:09.887893,2019-01-29 10:37:20.532757,"01, 02, 03, 04, 05, 06, 07, 08, 09, 10, 11, 12",25,
120,bouillon de boeuf,2017-12-14 17:13:31.915273,2019-01-29 10:37:20.745362,"01, 02, 03, 04, 05, 06, 07, 08, 09, 10, 11, 12",37,
90,eau,2017-12-14 16:36:08.861103,2019-01-29 10:37:20.9354,"01, 02, 03, 04, 05, 06, 07, 08, 09, 10, 11, 12",39,
109,ananas au sirop,2017-12-14 16:57:55.319961,2019-01-29 10:37:21.048049,"01, 02, 03, 04, 05, 06, 07, 08, 09, 10, 11, 12",13,
84,pain de mie,2017-12-14 16:29:51.838499,2019-01-29 10:37:21.193544,"01, 02, 03, 04, 05, 06, 07, 08, 09, 10, 11, 12",17,
82,huile de tournesol,2017-12-14 16:27:54.639741,2019-01-29 10:37:21.438281,"01, 02, 03, 04, 05, 06, 07, 08, 09, 10, 11, 12",36,
91,bouillon de volaille,2017-12-14 16:37:10.721187,2019-01-29 10:37:21.640515,"01, 02, 03, 04, 05, 06, 07, 08, 09, 10, 11, 12",37,
125,pâte à pizza,2017-12-14 17:16:38.897937,2019-01-29 10:37:21.79705,"01, 02, 03, 04, 05, 06, 07, 08, 09, 10, 11, 12",17,
77,pâte feuilletée,2017-12-14 16:20:22.074219,2019-01-29 10:37:22.029294,"01, 02, 03, 04, 05, 06, 07, 08, 09, 10, 11, 12",17,
81,olive noire,2017-12-14 16:21:55.100828,2019-01-29 10:37:22.193001,"01, 02, 03, 04, 05, 06, 07, 08, 09, 10, 11, 12",15,
113,emmental râpé,2017-12-14 17:02:17.670769,2019-01-29 10:37:22.423406,"01, 02, 03, 04, 05, 06, 07, 08, 09, 10, 11, 12",30,
110,vinaigre de vin blanc,2017-12-14 16:58:11.313076,2019-01-29 10:37:22.581872,"01, 02, 03, 04, 05, 06, 07, 08, 09, 10, 11, 12",37,
104,baies roses,2017-12-14 16:51:35.291737,2019-01-29 10:37:22.757414,"01, 02, 03, 04, 05, 06, 07, 08, 09, 10, 11, 12",44,
102,thym,2017-12-14 16:49:36.469714,2019-01-29 10:37:22.917758,"01, 02, 03, 04, 05, 06, 07, 08, 09, 10, 11, 12",44,
101,chapelure,2017-12-14 16:49:15.440586,2019-01-29 10:37:23.014491,"01, 02, 03, 04, 05, 06, 07, 08, 09, 10, 11, 12",17,
100,origan,2017-12-14 16:48:43.089684,2019-01-29 10:37:23.129463,"01, 02, 03, 04, 05, 06, 07, 08, 09, 10, 11, 12",44,
94,edam,2017-12-14 16:39:37.356134,2019-01-29 10:37:23.238985,"01, 02, 03, 04, 05, 06, 07, 08, 09, 10, 11, 12",30,
175,petits pois carotte,2017-12-14 18:51:00.305311,2019-01-29 10:37:23.319684,"01, 02, 03, 04, 05, 06, 07, 08, 09, 10, 11, 12",47,174
180,purée de pommes de terre,2017-12-15 10:50:38.53168,2019-01-29 10:37:23.413467,"01, 02, 03, 04, 05, 06, 07, 08, 09, 10, 11, 12",47,53
167,huile de pépin de raisin,2017-12-14 18:41:18.98205,2019-01-29 10:37:23.583283,"01, 02, 03, 04, 05, 06, 07, 08, 09, 10, 11, 12",35,
156,chou-fleur,2017-12-14 18:20:33.459051,2019-01-29 10:37:23.687988,"01, 02, 03, 04, 05, 06, 07, 08, 09, 10, 11, 12",14,508
124,sucre roux,2017-12-14 17:15:18.620785,2019-01-29 10:37:25.001734,"01, 02, 03, 04, 05, 06, 07, 08, 09, 10, 11, 12",38,516
38,sucre en poudre,2017-12-13 17:40:52.842385,2019-01-29 10:37:25.27328,"01, 02, 03, 04, 05, 06, 07, 08, 09, 10, 11, 12",38,516
89,haricots verts,2017-12-14 16:35:06.814447,2019-01-29 10:37:25.421474,"04, 05, 06, 07, 08, 09, 10",14,
142,prosciutto,2017-12-14 18:02:59.860716,2019-04-16 09:50:36.946787,"01, 02, 03, 04, 05, 06, 07, 08, 09, 10, 11, 12",23,96
152,maïs,2017-12-14 18:17:09.729742,2019-01-29 10:37:35.15075,"07, 08, 09, 10",14,
217,nouilles de riz,2017-12-15 13:36:50.56917,2019-01-29 10:37:35.301552,"01, 02, 03, 04, 05, 06, 07, 08, 09, 10, 11, 12",21,21
160,bifteck,2017-12-14 18:32:44.177398,2019-01-29 10:37:25.784793,"01, 02, 03, 04, 05, 06, 07, 08, 09, 10, 11, 12",27,509
159,steak de soja,2017-12-14 18:31:40.221955,2019-01-29 10:37:25.905389,"01, 02, 03, 04, 05, 06, 07, 08, 09, 10, 11, 12",22,262
263,tabasco,2017-12-18 16:33:26.804123,2019-01-29 10:37:26.174362,"01, 02, 03, 04, 05, 06, 07, 08, 09, 10, 11, 12",37,
219,sauce nuoc nam,2017-12-15 13:37:37.227685,2019-01-29 10:37:26.29026,"01, 02, 03, 04, 05, 06, 07, 08, 09, 10, 11, 12",37,
178,escalope de porc,2017-12-15 10:42:36.514016,2019-01-29 10:37:26.453273,"01, 02, 03, 04, 05, 06, 07, 08, 09, 10, 11, 12",27,510
218,piment rouge,2017-12-15 13:37:12.096356,2019-01-29 10:37:26.630258,"01, 02, 03, 04, 05, 06, 07, 08, 09, 10, 11, 12",37,
215,raisin sec,2017-12-15 13:34:37.35647,2019-01-29 10:37:26.701926,"01, 02, 03, 04, 05, 06, 07, 08, 09, 10, 11, 12",12,
214,curry doux,2017-12-15 13:34:00.787548,2019-01-29 10:37:26.805837,"01, 02, 03, 04, 05, 06, 07, 08, 09, 10, 11, 12",44,
163,côte de porc,2017-12-14 18:36:16.846054,2019-01-29 10:37:27.006168,"01, 02, 03, 04, 05, 06, 07, 08, 09, 10, 11, 12",27,510
161,escalope de veau,2017-12-14 18:34:01.877724,2019-01-29 10:37:27.194384,"01, 02, 03, 04, 05, 06, 07, 08, 09, 10, 11, 12",27,334
216,escalope de poulet,2017-12-15 13:35:25.099318,2019-01-29 10:37:27.364696,"01, 02, 03, 04, 05, 06, 07, 08, 09, 10, 11, 12",28,327
3,pâtes,2017-12-13 17:00:33.48966,2019-01-29 10:37:27.545867,"01, 02, 03, 04, 05, 06, 07, 08, 09, 10, 11, 12",20,
177,cuisse de poulet,2017-12-14 18:55:24.960907,2019-01-29 10:37:27.694119,"01, 02, 03, 04, 05, 06, 07, 08, 09, 10, 11, 12",28,327
213,tagliatelle fraîche,2017-12-15 13:33:32.080325,2019-01-29 10:37:27.766955,"01, 02, 03, 04, 05, 06, 07, 08, 09, 10, 11, 12",21,3
208,farfalle,2017-12-15 13:29:25.017728,2019-01-29 10:37:27.875645,"01, 02, 03, 04, 05, 06, 07, 08, 09, 10, 11, 12",21,3
189,bouillon de poisson,2017-12-15 12:53:01.663284,2019-01-29 10:37:27.981637,"01, 02, 03, 04, 05, 06, 07, 08, 09, 10, 11, 12",37,
207,piment de Cayenne,2017-12-15 13:27:57.473589,2019-01-29 10:37:28.070679,"01, 02, 03, 04, 05, 06, 07, 08, 09, 10, 11, 12",44,
204,piment,2017-12-15 13:23:52.180144,2019-01-29 10:37:28.236138,"01, 02, 03, 04, 05, 06, 07, 08, 09, 10, 11, 12",44,
203,cumin,2017-12-15 13:23:17.943373,2019-01-29 10:37:28.416701,"01, 02, 03, 04, 05, 06, 07, 08, 09, 10, 11, 12",44,
202,coriandre,2017-12-15 13:22:37.817286,2019-01-29 10:37:28.546795,"01, 02, 03, 04, 05, 06, 07, 08, 09, 10, 11, 12",44,
195,estragon,2017-12-15 13:02:21.096624,2019-01-29 10:37:28.855027,"01, 02, 03, 04, 05, 06, 07, 08, 09, 10, 11, 12",44,
190,cognac,2017-12-15 12:54:41.110801,2019-01-29 10:37:29.113896,"01, 02, 03, 04, 05, 06, 07, 08, 09, 10, 11, 12",45,
188,sole,2017-12-15 12:50:26.539709,2019-01-29 10:37:29.521614,"02, 03, 04, 05, 06, 07, 08, 09, 10, 11, 12",26,
151,reblochon,2017-12-14 18:13:16.488676,2019-01-29 10:37:29.791481,"01, 02, 03, 04, 05, 06, 07, 08, 09, 10, 11, 12",30,
172,citron jaune,2017-12-14 18:46:34.081745,2019-01-29 10:37:29.961362,"01, 02, 03, 04, 05, 06, 07, 08, 09, 10, 11, 12",11,
164,biscotte,2017-12-14 18:37:15.759326,2019-01-29 10:37:30.087044,"01, 02, 03, 04, 05, 06, 07, 08, 09, 10, 11, 12",17,
193,sardine,2017-12-15 13:00:24.708062,2019-01-29 10:37:30.3958,"04, 05, 06, 07, 08, 09, 10",25,
183,graine de lin,2017-12-15 12:39:40.111022,2019-01-29 10:37:30.665788,"01, 02, 03, 04, 05, 06, 07, 08, 09, 10, 11, 12",15,
196,truite,2017-12-15 13:03:17.197989,2019-01-29 10:37:30.841935,"05, 06, 07, 08",25,
201,amande effilée,2017-12-15 13:20:07.649519,2019-01-29 10:37:31.081949,"01, 02, 03, 04, 05, 06, 07, 08, 09, 10, 11, 12",15,
192,filet de hareng,2017-12-15 12:57:19.571975,2019-01-29 10:37:31.382524,"01, 02, 03, 04, 05, 09, 10, 11, 12",25,
179,lentille,2017-12-15 10:44:13.922776,2019-01-29 10:37:31.553924,"01, 02, 03, 04, 05, 06, 07, 08, 09, 10, 11, 12",22,
174,petit pois,2017-12-14 18:49:08.694089,2019-01-29 10:37:31.712559,"04, 05, 06, 07",22,
154,pain au lait,2017-12-14 18:18:36.956966,2019-01-29 10:37:31.916584,"01, 02, 03, 04, 05, 06, 07, 08, 09, 10, 11, 12",17,
181,huile de colza,2017-12-15 10:53:07.25039,2019-01-29 10:37:32.155089,"01, 02, 03, 04, 05, 06, 07, 08, 09, 10, 11, 12",35,
209,olives farcies aux poivrons,2017-12-15 13:30:22.414658,2019-01-29 10:37:32.353466,"01, 02, 03, 04, 05, 06, 07, 08, 09, 10, 11, 12",15,
184,graine de pavot,2017-12-15 12:39:58.016119,2019-01-29 10:37:32.463205,"01, 02, 03, 04, 05, 06, 07, 08, 09, 10, 11, 12",15,
182,romarin,2017-12-15 12:39:15.423901,2019-01-29 10:37:32.586905,"01, 02, 03, 04, 05, 06, 07, 08, 09, 10, 11, 12",44,
176,pomme,2017-12-14 18:55:00.92479,2019-01-29 10:37:32.698314,"01, 02, 03, 04, 10, 11, 12",11,
170,vinaigre de cidre,2017-12-14 18:43:59.74772,2019-01-29 10:37:32.840443,"01, 02, 03, 04, 05, 06, 07, 08, 09, 10, 11, 12",37,
169,pavé de cabillaud,2017-12-14 18:43:24.030261,2019-01-29 10:37:33.096373,"01, 02, 03, 04, 05, 06, 07, 08, 09, 10, 11, 12",26,
166,maïzena,2017-12-14 18:39:33.735305,2019-01-29 10:37:33.291442,"01, 02, 03, 04, 05, 06, 07, 08, 09, 10, 11, 12",19,
165,filet de colin,2017-12-14 18:37:51.21176,2019-01-29 10:37:33.555803,"05, 06, 07, 08, 09, 10, 11",26,
153,vinaigre de vin,2017-12-14 18:17:35.687846,2019-01-29 10:37:33.71787,"01, 02, 03, 04, 05, 06, 07, 08, 09, 10, 11, 12",37,
12,bagel,2017-12-13 17:15:44.046531,2019-01-29 10:37:33.997369,"01, 02, 03, 04, 05, 06, 07, 08, 09, 10, 11, 12",17,
233,coquillette,2017-12-15 13:57:32.611165,2019-01-29 10:37:34.19053,"01, 02, 03, 04, 05, 06, 07, 08, 09, 10, 11, 12",21,3
279,blé précuit,2017-12-18 17:03:40.013578,2019-01-29 10:37:34.365177,"01, 02, 03, 04, 05, 06, 07, 08, 09, 10, 11, 12",21,237
220,tomate pelée,2017-12-15 13:38:22.210845,2019-01-29 10:37:34.49537,"01, 02, 03, 04, 05, 06, 07, 08, 09, 10, 11, 12",47,5
290,salade feuille de chêne,2017-12-18 17:21:58.649636,2019-01-29 10:37:34.55721,"01, 02, 03, 04, 05, 06, 07, 08, 09, 10, 11, 12",14,86
238,margarine,2017-12-15 14:44:17.811565,2019-01-29 10:37:34.662623,"01, 02, 03, 04, 05, 06, 07, 08, 09, 10, 11, 12",36,
243,pomme de terre nouvelle,2017-12-15 14:53:33.22297,2019-01-29 10:37:34.753528,"01, 02, 03, 04, 05, 06, 07, 08, 09, 10, 11, 12",14,53
264,poivron jaune,2017-12-18 16:38:12.841308,2019-01-29 10:37:34.88442,"06, 07, 08, 09, 10",14,269
198,artichaut,2017-12-15 13:13:43.617982,2019-01-29 10:37:35.016127,"01, 02, 03, 04, 05, 06, 07, 08, 09, 10, 11, 12",14,
187,saucisse fumée,2017-12-15 12:48:09.700575,2019-01-29 10:37:35.439747,"01, 02, 03, 04, 05, 06, 07, 08, 09, 10, 11, 12",23,510/404
149,pesto vert,2017-12-14 18:11:37.683288,2019-04-16 09:57:36.362938,"01, 02, 03, 04, 05, 06, 07, 08, 09, 10, 11, 12",37,51
206,merguez,2017-12-15 13:27:04.05728,2019-01-29 10:37:35.642902,"01, 02, 03, 04, 05, 06, 07, 08, 09, 10, 11, 12",23,506
212,lard fumé,2017-12-15 13:32:27.106681,2019-01-29 10:37:35.789624,"01, 02, 03, 04, 05, 06, 07, 08, 09, 10, 11, 12",23,510
155,mortadelle,2017-12-14 18:18:58.284177,2019-01-29 10:37:35.963871,"01, 02, 03, 04, 05, 06, 07, 08, 09, 10, 11, 12",23,510
211,saucisse sèche,2017-12-15 13:32:06.204829,2019-01-29 10:37:36.130805,"01, 02, 03, 04, 05, 06, 07, 08, 09, 10, 11, 12",23,510/512
185,cordon bleu,2017-12-15 12:41:13.444583,2019-01-29 10:37:36.264446,"01, 02, 03, 04, 05, 06, 07, 08, 09, 10, 11, 12",27,327
191,filet de maquereau,2017-12-15 12:56:18.463274,2019-01-29 10:37:36.385895,"01, 02, 03, 04, 05, 06, 07, 08, 09, 10, 11, 12",25,487
129,crème fraîche épaisse,2017-12-14 17:20:16.870794,2019-01-29 10:37:36.473948,"01, 02, 03, 04, 05, 06, 07, 08, 09, 10, 11, 12",32,
197,jambon blanc,2017-12-15 13:07:25.863972,2019-04-16 09:50:36.954402,"01, 02, 03, 04, 05, 06, 07, 08, 09, 10, 11, 12",23,96
288,couscous,2017-12-18 17:20:27.825712,2017-12-18 17:20:27.825712,"01, 02, 03, 04, 05, 06, 07, 08, 09, 10, 11, 12",,
315,chou chinois,2017-12-19 16:41:46.80297,2019-01-29 10:37:44.31378,"01, 02, 05, 06, 07, 08, 09, 10, 11, 12",14,508
287,chou blanc,2017-12-18 17:19:43.597672,2019-01-29 10:37:44.420015,"01, 02, 03, 04, 05, 06, 07, 08, 09, 10, 11, 12",14,508
272,radis,2017-12-18 16:52:26.649699,2019-01-29 10:37:44.537723,"03, 04, 05, 06, 07",14,
62,crème fraîche,2017-12-14 15:50:05.729796,2019-01-29 10:37:44.669371,"01, 02, 03, 04, 05, 06, 07, 08, 09, 10, 11, 12",32,
257,courge,2017-12-18 16:21:46.728813,2019-01-29 10:37:44.864325,"08, 09, 10, 11, 12",14,
269,poivron,2017-12-18 16:49:10.027224,2019-01-29 10:37:44.964493,"06, 07, 08, 09, 10",14,
256,potiron,2017-12-18 16:20:53.086661,2019-01-29 10:37:45.104605,"01, 02, 03, 09, 10, 11, 12",14,
250,potimarron,2017-12-15 16:10:51.061927,2019-01-29 10:37:45.225642,"01, 09, 10, 11, 12",14,
278,haricot blanc,2017-12-18 17:02:37.997323,2019-01-29 10:37:45.380979,"01, 02, 03, 04, 05, 06, 07, 08, 09, 10, 11, 12",22,519
318,sauté de porc,2017-12-19 16:49:20.568593,2019-04-16 15:13:07.716315,"01, 02, 03, 04, 05, 06, 07, 08, 09, 10, 11, 12",27,
230,linguine,2017-12-15 13:50:59.037503,2019-01-29 10:37:36.569881,"01, 02, 03, 04, 05, 06, 07, 08, 09, 10, 11, 12",21,3
282,cœur d’artichaut,2017-12-18 17:12:19.067707,2019-01-29 10:37:36.684614,"01, 02, 03, 04, 05, 06, 07, 08, 09, 10, 11, 12",47,198
241,purée de tomates,2017-12-15 14:49:58.235479,2019-01-29 10:37:36.853307,"01, 02, 03, 04, 05, 06, 07, 08, 09, 10, 11, 12",37,5
246,ratatouille,2017-12-15 15:54:31.036798,2019-01-29 10:37:36.947809,"01, 02, 03, 04, 05, 06, 07, 08, 09, 10, 11, 12",47,
224,gnocchi,2017-12-15 13:42:36.933734,2019-01-29 10:37:37.078404,"01, 02, 03, 04, 05, 06, 07, 08, 09, 10, 11, 12",21,3
232,légumes grillés,2017-12-15 13:55:10.447101,2019-01-29 10:37:37.198897,"01, 02, 03, 04, 05, 06, 07, 08, 09, 10, 11, 12",47,
242,morceau de poulet,2017-12-15 14:51:05.09467,2019-01-29 10:37:37.331551,"01, 02, 03, 04, 05, 06, 07, 08, 09, 10, 11, 12",28,327
286,muscat,2017-12-18 17:18:34.095739,2019-01-29 10:37:37.466028,"01, 02, 03, 04, 05, 06, 07, 08, 09, 10, 11, 12",45,
229,sauce au piment,2017-12-15 13:50:13.396594,2019-01-29 10:37:37.59421,"01, 02, 03, 04, 05, 06, 07, 08, 09, 10, 11, 12",37,
223,tagliatelle,2017-12-15 13:41:30.247613,2019-01-29 10:37:37.691873,"01, 02, 03, 04, 05, 06, 07, 08, 09, 10, 11, 12",21,3
285,melon,2017-12-18 17:18:05.33471,2019-01-29 10:37:37.838927,"06, 07, 08, 09",11,
236,fettuccini,2017-12-15 14:01:29.685751,2019-01-29 10:37:38.032593,"01, 02, 03, 04, 05, 06, 07, 08, 09, 10, 11, 12",21,3
265,moutarde à l'ancienne,2017-12-18 16:38:41.683254,2019-01-29 10:37:38.151966,"01, 02, 03, 04, 05, 06, 07, 08, 09, 10, 11, 12",37,
276,yaourt à la grecque,2017-12-18 16:56:17.674087,2019-01-29 10:37:38.252023,"01, 02, 03, 04, 05, 06, 07, 08, 09, 10, 11, 12",32,
284,pamplemousse,2017-12-18 17:13:27.295232,2019-01-29 10:37:38.320965,"01, 02, 03, 04, 05, 06, 07, 08, 09, 10, 11, 12",11,
221,pâte de curry,2017-12-15 13:40:34.624715,2019-01-29 10:37:38.433847,"01, 02, 03, 04, 05, 06, 07, 08, 09, 10, 11, 12",37,
289,fromage de brebis,2017-12-18 17:21:03.846079,2019-01-29 10:37:38.521746,"01, 02, 03, 04, 05, 06, 07, 08, 09, 10, 11, 12",30,
234,fromage de chèvre frais,2017-12-15 13:58:13.200537,2019-01-29 10:37:38.614792,"01, 02, 03, 04, 05, 06, 07, 08, 09, 10, 11, 12",30,
281,harissa,2017-12-18 17:11:41.977745,2019-01-29 10:37:38.781551,"01, 02, 03, 04, 05, 06, 07, 08, 09, 10, 11, 12",37,
273,ricotta,2017-12-18 16:53:59.67434,2019-01-29 10:37:39.065115,"01, 02, 03, 04, 05, 06, 07, 08, 09, 10, 11, 12",30,
258,boulgour,2017-12-18 16:23:22.845473,2019-01-29 10:37:39.176365,"01, 02, 03, 04, 05, 06, 07, 08, 09, 10, 11, 12",21,
268,aneth,2017-12-18 16:43:11.187547,2019-01-29 10:37:39.301039,"01, 02, 03, 04, 05, 06, 07, 08, 09, 10, 11, 12",44,
261,feta,2017-12-18 16:26:34.914914,2019-01-29 10:37:39.417307,"01, 02, 03, 04, 05, 06, 07, 08, 09, 10, 11, 12",30,
255,cerise,2017-12-18 16:16:22.28016,2019-01-29 10:37:39.680165,"05, 06, 07",11,
271,safran,2017-12-18 16:50:43.319773,2019-01-29 10:37:39.838686,"01, 02, 03, 04, 05, 06, 07, 08, 09, 10, 11, 12",44,
252,orange,2017-12-15 16:11:10.145819,2019-01-29 10:37:39.938956,"01, 02, 03, 04, 05, 06, 07, 08, 09, 10, 11, 12",11,
280,thon au naturel,2017-12-18 17:10:29.432578,2019-01-29 10:37:40.15308,"01, 02, 03, 04, 05, 06, 07, 08, 09, 10, 11, 12",25,
253,cerneaux de noix,2017-12-18 15:31:12.290344,2019-01-29 10:37:40.281501,"01, 02, 03, 04, 05, 06, 07, 08, 09, 10, 11, 12",15,
267,lentille verte,2017-12-18 16:42:17.793208,2019-01-29 10:37:40.437723,"01, 02, 03, 04, 05, 06, 07, 08, 09, 10, 11, 12",22,
260,lentille corail,2017-12-18 16:24:40.665226,2019-01-29 10:37:40.601575,"01, 02, 03, 04, 05, 06, 07, 08, 09, 10, 11, 12",22,
270,pois chiches,2017-12-18 16:50:04.351754,2019-01-29 10:37:40.721055,"01, 02, 03, 04, 05, 06, 07, 08, 09, 10, 11, 12",22,
262,soja,2017-12-18 16:28:33.408733,2019-01-29 10:37:40.85411,"01, 02, 03, 04, 05, 06, 07, 08, 09, 10, 11, 12",22,
291,pain pita,2017-12-18 17:24:49.237709,2019-01-29 10:37:40.971999,"01, 02, 03, 04, 05, 06, 07, 08, 09, 10, 11, 12",17,
254,huile de noix,2017-12-18 15:31:30.236484,2019-01-29 10:37:41.07992,"01, 02, 03, 04, 05, 06, 07, 08, 09, 10, 11, 12",35,
266,huile d'olive extra vierge,2017-12-18 16:41:01.083893,2019-01-29 10:37:41.236901,"01, 02, 03, 04, 05, 06, 07, 08, 09, 10, 11, 12",36,
251,miel,2017-12-15 16:11:04.708133,2019-01-29 10:37:41.42253,"01, 02, 03, 04, 05, 06, 07, 08, 09, 10, 11, 12",38,
248,cantal,2017-12-15 15:59:09.668082,2019-01-29 10:37:41.569641,"01, 02, 03, 04, 05, 06, 07, 08, 09, 10, 11, 12",30,
245,sarriette,2017-12-15 15:50:09.159184,2019-01-29 10:37:41.754252,"01, 02, 03, 04, 05, 06, 07, 08, 09, 10, 11, 12",44,
237,blé,2017-12-15 14:03:46.790816,2019-01-29 10:37:41.945473,"01, 02, 03, 04, 05, 06, 07, 08, 09, 10, 11, 12",21,
235,ras el hanout,2017-12-15 13:59:49.508735,2019-01-29 10:37:42.114247,"01, 02, 03, 04, 05, 06, 07, 08, 09, 10, 11, 12",44,
231,tomme de brebis,2017-12-15 13:54:12.962278,2019-01-29 10:37:42.280306,"01, 02, 03, 04, 05, 06, 07, 08, 09, 10, 11, 12",30,
225,pignon de pin,2017-12-15 13:43:08.973929,2019-01-29 10:37:42.385454,"01, 02, 03, 04, 05, 06, 07, 08, 09, 10, 11, 12",15,
364,sauce salsa,2017-12-21 17:01:58.450077,2019-01-29 10:37:42.538625,"01, 02, 03, 04, 05, 06, 07, 08, 09, 10, 11, 12",37,
353,sauce béarnaise,2017-12-21 16:40:35.432248,2019-01-29 10:37:42.679574,"01, 02, 03, 04, 05, 06, 07, 08, 09, 10, 11, 12",37,
345,artichaut mariné,2017-12-21 12:55:29.261676,2019-01-29 10:37:42.853784,"01, 02, 03, 04, 05, 06, 07, 08, 09, 10, 11, 12",37,198
303,tomate concassée,2017-12-19 15:29:08.828777,2019-01-29 10:37:43.039904,"01, 02, 03, 04, 05, 06, 07, 08, 09, 10, 11, 12",37,5
340,sauce béchamel,2017-12-20 16:34:46.4402,2019-01-29 10:37:43.208838,"01, 02, 03, 04, 05, 06, 07, 08, 09, 10, 11, 12",37,
150,tomates séchées,2017-12-14 18:12:26.193481,2019-01-29 10:37:43.370048,"01, 02, 03, 04, 05, 06, 07, 08, 09, 10, 11, 12",37,5
356,feuille de chêne,2017-12-21 16:45:35.89206,2019-01-29 10:37:43.469326,"01, 02, 03, 04, 05, 06, 07, 08, 09, 10, 11, 12",14,86
313,crème de coco,2017-12-19 16:36:27.594787,2019-01-29 10:37:43.790547,"01, 02, 03, 04, 05, 06, 07, 08, 09, 10, 11, 12",37,
492,perche,2018-03-01 14:52:00.156145,2019-01-29 10:37:44.138307,"04, 05, 06, 07, 08, 09, 10, 11",26,
292,chicorée frisée,2017-12-18 17:28:50.980278,2019-01-29 10:37:44.2378,"01, 02, 03, 04, 05, 06, 07, 08, 09, 10, 11, 12",14,86
301,céleri rave,2017-12-19 15:22:59.436903,2019-01-29 10:37:44.785549,"01, 02, 09, 10, 11, 12",14,194
226,haricot rouge,2017-12-15 13:45:10.158184,2019-01-29 10:37:45.530324,"01, 02, 03, 04, 05, 06, 07, 08, 09, 10, 11, 12",22,519
259,navet,2017-12-18 16:24:04.522901,2019-01-29 10:37:45.685604,"06, 07, 08, 09, 10, 11",14,
247,asperge,2017-12-15 15:55:29.609006,2019-01-29 10:37:53.926774,"02, 03, 04, 05, 06, 07, 12",14,
194,céleri,2017-12-15 13:01:14.692772,2019-01-29 10:37:54.008119,"01, 02, 03, 10, 11, 12",14,
88,brocoli,2017-12-14 16:32:23.675014,2019-01-29 10:37:54.123397,"01, 02, 03, 04, 09, 10, 11, 12",14,
302,panais,2017-12-19 15:26:07.111343,2019-01-29 10:37:54.231956,"01, 02, 03, 09, 10, 11, 12",14,
316,igname,2017-12-19 16:42:43.894577,2019-01-29 10:37:54.353832,"09, 10, 11",14,
99,aubergine,2017-12-14 16:48:07.885998,2019-01-29 10:37:54.584957,"05, 06, 07, 08, 09",14,
6,concombre,2017-12-13 17:05:24.342704,2019-01-29 10:37:54.736819,"05, 06, 07, 08, 09, 10",14,
307,topinambour,2017-12-19 16:18:24.928043,2019-01-29 10:37:55.015832,"01, 02, 03, 04, 11, 12",14,
228,tortilla de maïs,2017-12-15 13:49:17.531218,2019-01-29 10:37:55.162828,"01, 02, 03, 04, 05, 06, 07, 08, 09, 10, 11, 12",21,152
347,roti de dinde cuite,2017-12-21 13:03:17.368372,2019-01-29 10:37:45.941487,"01, 02, 03, 04, 05, 06, 07, 08, 09, 10, 11, 12",28,511
358,poulet rôti,2017-12-21 16:49:40.027412,2019-01-29 10:37:46.056329,"01, 02, 03, 04, 05, 06, 07, 08, 09, 10, 11, 12",28,327
352,poulet fumé,2017-12-21 16:40:09.665777,2019-01-29 10:37:46.201027,"01, 02, 03, 04, 05, 06, 07, 08, 09, 10, 11, 12",28,327
331,pain hamburger au sésame,2017-12-19 18:01:18.91597,2019-01-29 10:37:46.345524,"01, 02, 03, 04, 05, 06, 07, 08, 09, 10, 11, 12",17,409
357,pain rond,2017-12-21 16:48:28.018182,2019-01-29 10:37:46.493687,"01, 02, 03, 04, 05, 06, 07, 08, 09, 10, 11, 12",17,317
346,pain aux céréales,2017-12-21 12:57:48.426532,2019-01-29 10:37:46.617012,"01, 02, 03, 04, 05, 06, 07, 08, 09, 10, 11, 12",16,317
148,baguette au pavot,2017-12-14 18:11:09.412758,2019-01-29 10:37:46.69806,"01, 02, 03, 04, 05, 06, 07, 08, 09, 10, 11, 12",16,349
319,cannelloni,2017-12-19 16:51:06.319534,2019-01-29 10:37:46.833543,"01, 02, 03, 04, 05, 06, 07, 08, 09, 10, 11, 12",21,3
314,noix de coco râpée,2017-12-19 16:37:13.26451,2019-01-29 10:37:46.899347,"01, 02, 03, 04, 05, 06, 07, 08, 09, 10, 11, 12",12,
311,fumet de poisson,2017-12-19 16:32:03.370519,2019-01-29 10:37:47.081737,"01, 02, 03, 04, 05, 06, 07, 08, 09, 10, 11, 12",26,
222,lait de coco,2017-12-15 13:40:51.171602,2019-01-29 10:37:47.219314,"01, 02, 03, 04, 05, 06, 07, 08, 09, 10, 11, 12",13,
309,noix de Saint Jacques,2017-12-19 16:27:22.099802,2019-01-29 10:37:47.361117,"01, 02, 03, 04, 05, 09, 10, 11, 12",26,
308,champignon,2017-12-19 16:22:55.116377,2019-01-29 10:37:47.449057,"01, 02, 03, 04, 05, 06, 07, 08, 09, 10, 11, 12",14,
305,citron vert,2017-12-19 16:15:09.460261,2019-01-29 10:37:47.546439,"01, 02, 03, 04, 05, 06, 07, 08, 09, 10, 11, 12",11,
300,graine de cardamome,2017-12-19 15:20:51.457711,2019-01-29 10:37:47.716157,"01, 02, 03, 04, 05, 06, 07, 08, 09, 10, 11, 12",44,
299,graine de cumin,2017-12-19 15:19:35.461863,2019-01-29 10:37:47.901691,"01, 02, 03, 04, 05, 06, 07, 08, 09, 10, 11, 12",44,
297,cannelle,2017-12-19 15:05:12.937534,2019-01-29 10:37:48.072867,"01, 02, 03, 04, 05, 06, 07, 08, 09, 10, 11, 12",44,
334,veau,2017-12-20 15:41:42.702188,2019-01-29 10:37:48.281462,"01, 02, 03, 04, 05, 06, 07, 08, 09, 10, 11, 12",27,
244,curcuma,2017-12-15 15:48:13.644742,2019-01-29 10:37:48.479281,"01, 02, 03, 04, 05, 06, 07, 08, 09, 10, 11, 12",44,
326,fond de veau,2017-12-19 17:21:35.803645,2019-01-29 10:37:48.74268,"01, 02, 03, 04, 05, 06, 07, 08, 09, 10, 11, 12",37,
199,sauge,2017-12-15 13:14:29.806542,2019-01-29 10:37:49.052563,"01, 02, 03, 04, 05, 06, 07, 08, 09, 10, 11, 12",44,
171,vinaigre de vin rouge,2017-12-14 18:45:14.295569,2019-01-29 10:37:49.206839,"01, 02, 03, 04, 05, 06, 07, 08, 09, 10, 11, 12",37,
131,tandoori,2017-12-14 17:36:24.145894,2019-01-29 10:37:49.487781,"01, 02, 03, 04, 05, 06, 07, 08, 09, 10, 11, 12",44,
327,poulet,2017-12-19 17:23:49.734384,2019-01-29 10:37:49.639776,"01, 02, 03, 04, 05, 06, 07, 08, 09, 10, 11, 12",28,
343,noisettes en poudre,2017-12-21 11:49:20.836663,2019-01-29 10:37:49.733336,"01, 02, 03, 04, 05, 06, 07, 08, 09, 10, 11, 12",15,
339,gros sel,2017-12-20 16:32:53.810241,2019-01-29 10:37:50.233378,"01, 02, 03, 04, 05, 06, 07, 08, 09, 10, 11, 12",42,
333,fleur de sel,2017-12-20 15:31:42.775491,2019-01-29 10:37:50.487717,"01, 02, 03, 04, 05, 06, 07, 08, 09, 10, 11, 12",42,
323,beurre demi-sel,2017-12-19 17:18:00.614757,2019-01-29 10:37:50.711599,"01, 02, 03, 04, 05, 06, 07, 08, 09, 10, 11, 12",34,
344,pain ciabatta,2017-12-21 12:54:53.026615,2019-01-29 10:37:50.885382,"01, 02, 03, 04, 05, 06, 07, 08, 09, 10, 11, 12",17,
317,pain,2017-12-19 16:47:23.496619,2019-01-29 10:37:51.06597,"01, 02, 03, 04, 05, 06, 07, 08, 09, 10, 11, 12",17,
363,chips tortilla,2017-12-21 16:59:29.273838,2019-01-29 10:37:51.227381,"01, 02, 03, 04, 05, 06, 07, 08, 09, 10, 11, 12",19,
359,raisin noir,2017-12-21 16:51:32.735517,2019-01-29 10:37:51.381794,"07, 08, 09, 10",11,
355,emmental,2017-12-21 16:45:01.48551,2019-01-29 10:37:51.522387,"01, 02, 03, 04, 05, 06, 07, 08, 09, 10, 11, 12",30,
350,provolone,2017-12-21 16:28:25.89392,2019-01-29 10:37:51.729401,"01, 02, 03, 04, 05, 06, 07, 08, 09, 10, 11, 12",30,
349,baguette,2017-12-21 16:18:29.89466,2019-01-29 10:37:51.854908,"01, 02, 03, 04, 05, 06, 07, 08, 09, 10, 11, 12",17,
348,cornichon,2017-12-21 16:02:16.866305,2019-01-29 10:37:52.052385,"01, 02, 03, 04, 05, 06, 07, 08, 09, 10, 11, 12",37,
408,sauce Andalouse,2017-12-21 18:42:42.932228,2019-01-29 10:37:52.207619,"01, 02, 03, 04, 05, 06, 07, 08, 09, 10, 11, 12",37,
298,butternut,2017-12-19 15:06:41.736679,2019-01-29 10:37:52.321112,"01, 02, 03, 09, 10, 11, 12",14,
405,sauce relish,2017-12-21 18:36:55.385943,2019-01-29 10:37:52.458836,"01, 02, 03, 04, 05, 06, 07, 08, 09, 10, 11, 12",37,
401,sauce américaine,2017-12-21 18:30:00.144479,2019-01-29 10:37:52.571336,"01, 02, 03, 04, 05, 06, 07, 08, 09, 10, 11, 12",37,
399,sauce Worcestershire,2017-12-21 18:24:06.083903,2019-01-29 10:37:52.674596,"01, 02, 03, 04, 05, 06, 07, 08, 09, 10, 11, 12",37,
390,sauce bolognaise,2017-12-21 17:43:28.501027,2019-01-29 10:37:52.797066,"01, 02, 03, 04, 05, 06, 07, 08, 09, 10, 11, 12",37,
383,moutarde de Dijon,2017-12-21 17:30:57.184562,2019-01-29 10:37:52.934253,"01, 02, 03, 04, 05, 06, 07, 08, 09, 10, 11, 12",37,
146,asperge verte,2017-12-14 18:07:52.787201,2019-01-29 10:37:53.048713,"02, 03, 04, 05, 06, 07, 12",14,247
379,mesclun,2017-12-21 17:26:25.244729,2019-01-29 10:37:53.17553,"01, 02, 03, 04, 05, 06, 07, 08, 09, 10, 11, 12",14,86
426,morille,2018-03-01 11:56:06.622995,2019-01-29 10:37:53.325675,"03, 04, 05, 06",14,308
158,lait demi-écrémé,2017-12-14 18:30:58.471409,2019-01-29 10:37:53.48789,"01, 02, 03, 04, 05, 06, 07, 08, 09, 10, 11, 12",31,
367,fromage frais,2017-12-21 17:07:02.720513,2019-01-29 10:37:53.70106,"01, 02, 03, 04, 05, 06, 07, 08, 09, 10, 11, 12",30,
427,oseille,2018-03-01 11:57:56.149799,2019-01-29 10:37:53.834913,"04, 05, 06, 07, 08, 09, 10",44,
362,galette de blé,2017-12-21 16:54:47.17251,2019-01-29 10:37:55.257771,"01, 02, 03, 04, 05, 06, 07, 08, 09, 10, 11, 12",21,237
296,feuille de brick,2017-12-19 15:00:59.24752,2019-01-29 10:37:55.450377,"01, 02, 03, 04, 05, 06, 07, 08, 09, 10, 11, 12",21,237
112,lardons,2017-12-14 17:01:41.568971,2019-04-16 15:12:45.739524,"01, 02, 03, 04, 05, 06, 07, 08, 09, 10, 11, 12",23,
361,salami,2017-12-21 16:53:11.283352,2019-01-29 10:37:55.811915,"01, 02, 03, 04, 05, 06, 07, 08, 09, 10, 11, 12",23,510/512
351,speck,2017-12-21 16:33:59.573613,2019-01-29 10:37:56.003671,"01, 02, 03, 04, 05, 06, 07, 08, 09, 10, 11, 12",23,510
295,haricot plat,2017-12-19 15:00:35.776297,2019-01-29 10:37:56.2038,"06, 07, 08, 09",14,
310,crème fleurette,2017-12-19 16:29:57.34735,2019-01-29 10:37:56.340601,"01, 02, 03, 04, 05, 06, 07, 08, 09, 10, 11, 12",32,
360,jambon fumé,2017-12-21 16:52:22.86014,2019-04-16 09:50:36.966459,"01, 02, 03, 04, 05, 06, 07, 08, 09, 10, 11, 12",23,96
422,chou pommé,2018-03-01 11:45:37.68275,2019-01-29 10:38:03.068449,"01, 02, 03, 04, 10, 11, 12",14,508
416,cardon,2018-03-01 11:35:39.535665,2019-01-29 10:38:03.145205,"11, 12",14,
394,agneau,2017-12-21 17:54:43.858307,2019-01-29 10:37:56.617289,"01, 02, 03, 04, 05, 06, 07, 08, 09, 10, 11, 12",27,
560,chou frisé,2018-11-15 16:32:11.953568,2019-01-29 10:38:03.228834,"01, 02, 03, 10, 11, 12",14,508/277
428,rutabaga,2018-03-01 12:02:07.51969,2019-01-29 10:38:03.389257,"01, 02, 03, 04, 10, 11, 12",14,
429,salsifi,2018-03-01 12:02:29.689157,2019-01-29 10:38:03.488751,"01, 02, 03, 10, 11, 12",14,
423,citrouille,2018-03-01 11:46:08.577369,2019-01-29 10:38:03.590991,"01, 02, 09, 10, 11, 12",14,
425,crosne,2018-03-01 11:50:21.711521,2019-01-29 10:38:03.745228,"01, 02, 03, 11, 12",14,
402,saucisse de Strasbourg,2017-12-21 18:30:49.589745,2019-01-29 10:38:03.958598,"01, 02, 03, 04, 05, 06, 07, 08, 09, 10, 11, 12",23,510/404
562,fromage de chèvre,2018-11-20 11:25:54.273404,2019-01-29 10:38:04.60562,"01, 02, 03, 04, 05, 06, 07, 08, 09, 10, 11, 12",30,
418,cèpe,2018-03-01 11:41:49.583981,2019-01-29 10:37:56.705129,"05, 06, 07, 08, 09, 10, 11",14,308
417,céleri branche,2018-03-01 11:41:01.775502,2019-01-29 10:37:56.794171,"01, 02, 09, 10, 11, 12",14,194
403,choucroute,2017-12-21 18:32:04.264258,2019-01-29 10:37:56.873607,"01, 02, 03, 04, 05, 06, 07, 08, 09, 10, 11, 12",47,
397,jambon de dinde,2017-12-21 18:02:18.312775,2019-01-29 10:37:57.000447,"01, 02, 03, 04, 05, 06, 07, 08, 09, 10, 11, 12",28,511
386,pain complet,2017-12-21 17:36:05.229985,2019-01-29 10:37:57.111271,"01, 02, 03, 04, 05, 06, 07, 08, 09, 10, 11, 12",16,317
385,pain de campagne,2017-12-21 17:35:13.614082,2019-01-29 10:37:57.211146,"01, 02, 03, 04, 05, 06, 07, 08, 09, 10, 11, 12",16,317
377,pain de seigle,2017-12-21 17:21:25.351038,2019-01-29 10:37:57.296738,"01, 02, 03, 04, 05, 06, 07, 08, 09, 10, 11, 12",16,317
414,baguette céréales,2017-12-21 19:00:23.903077,2019-01-29 10:37:57.363998,"01, 02, 03, 04, 05, 06, 07, 08, 09, 10, 11, 12",16,349
374,baguette viennoise,2017-12-21 17:15:42.912658,2019-01-29 10:37:57.442847,"01, 02, 03, 04, 05, 06, 07, 08, 09, 10, 11, 12",17,349
406,sel au céleri,2017-12-21 18:37:37.10337,2019-01-29 10:37:57.534545,"01, 02, 03, 04, 05, 06, 07, 08, 09, 10, 11, 12",42,
366,thon à l'huile,2017-12-21 17:05:47.982932,2019-01-29 10:37:57.734753,"01, 02, 03, 04, 05, 06, 07, 08, 09, 10, 11, 12",25,
434,baie de Goji,2018-03-01 14:01:57.686829,2019-01-29 10:37:57.817212,"08, 09, 10",12,
433,airelle,2018-03-01 14:01:28.974745,2019-01-29 10:37:57.903556,"07, 08",11,
432,açaï,2018-03-01 14:00:58.589064,2019-01-29 10:37:57.98583,"01, 02, 03, 11, 12",11,
431,rhubarbe,2018-03-01 13:59:57.496469,2019-01-29 10:37:58.091412,"04, 05, 06, 07",11,
372,fève,2017-12-21 17:12:48.640828,2019-01-29 10:37:58.18996,"04, 05, 06, 07, 08",22,
369,muffin complet,2017-12-21 17:08:30.071185,2019-01-29 10:37:58.327117,"01, 02, 03, 04, 05, 06, 07, 08, 09, 10, 11, 12",16,
409,pain hamburger,2017-12-21 18:43:54.902391,2019-01-29 10:37:58.424487,"01, 02, 03, 04, 05, 06, 07, 08, 09, 10, 11, 12",17,
395,pain hot dog,2017-12-21 17:57:11.038291,2019-01-29 10:37:58.549686,"01, 02, 03, 04, 05, 06, 07, 08, 09, 10, 11, 12",17,
389,pain focaccia,2017-12-21 17:43:09.015925,2019-01-29 10:37:58.644681,"01, 02, 03, 04, 05, 06, 07, 08, 09, 10, 11, 12",17,
388,pain panini,2017-12-21 17:40:29.053875,2019-01-29 10:37:58.74642,"01, 02, 03, 04, 05, 06, 07, 08, 09, 10, 11, 12",17,
412,piment doux,2017-12-21 18:50:46.945053,2019-01-29 10:37:58.880601,"01, 02, 03, 04, 05, 06, 07, 08, 09, 10, 11, 12",37,
411,tome fraiche,2017-12-21 18:47:28.805208,2019-01-29 10:37:58.991375,"01, 02, 03, 04, 05, 06, 07, 08, 09, 10, 11, 12",30,
410,Bleu d'Auvergne,2017-12-21 18:44:41.369755,2019-01-29 10:37:59.105922,"01, 02, 03, 04, 05, 06, 07, 08, 09, 10, 11, 12",30,
396,olive,2017-12-21 18:01:02.817894,2019-01-29 10:37:59.205033,"01, 02, 03, 04, 05, 06, 07, 08, 09, 10, 11, 12",15,
392,cheddar,2017-12-21 17:47:30.983365,2019-01-29 10:37:59.318647,"01, 02, 03, 04, 05, 06, 07, 08, 09, 10, 11, 12",30,
387,cottage cheese,2017-12-21 17:40:00.337721,2019-01-29 10:37:59.553583,"01, 02, 03, 04, 05, 06, 07, 08, 09, 10, 11, 12",30,
384,rillettes de saumon,2017-12-21 17:31:31.472496,2019-01-29 10:37:59.646065,"01, 02, 03, 04, 05, 06, 07, 08, 09, 10, 11, 12",25,
381,pâtisson,2017-12-21 17:28:50.499818,2019-01-29 10:37:59.704932,"07, 08, 09",14,
378,piment d'Espelette,2017-12-21 17:23:01.27015,2019-01-29 10:37:59.825355,"01, 02, 03, 04, 05, 06, 07, 08, 09, 10, 11, 12",37,
373,tapenade noire,2017-12-21 17:14:54.143361,2019-01-29 10:37:59.904094,"01, 02, 03, 04, 05, 06, 07, 08, 09, 10, 11, 12",15,
370,câpre,2017-12-21 17:08:59.629409,2019-01-29 10:37:59.995159,"01, 02, 03, 04, 05, 06, 07, 08, 09, 10, 11, 12",37,
332,cornichons aigres-doux,2017-12-19 18:04:26.906931,2019-01-29 10:38:00.087727,"01, 02, 03, 04, 05, 06, 07, 08, 09, 10, 11, 12",37,
136,yaourt nature,2017-12-14 17:42:56.044203,2019-01-29 10:38:00.163556,"01, 02, 03, 04, 05, 06, 07, 08, 09, 10, 11, 12",32,
365,fromage blanc,2017-12-21 17:03:37.503854,2019-01-29 10:38:00.253282,"01, 02, 03, 04, 05, 06, 07, 08, 09, 10, 11, 12",32,
380,oeuf de caille,2017-12-21 17:26:54.993315,2019-01-29 10:38:00.324843,"01, 02, 03, 04, 05, 06, 07, 08, 09, 10, 11, 12",24,
393,fromage ail et fines herbes,2017-12-21 17:48:08.837082,2019-01-29 10:38:00.471208,"01, 02, 03, 04, 05, 06, 07, 08, 09, 10, 11, 12",30,
506,mouton,2018-03-09 14:26:24.027619,2019-01-29 10:38:00.55879,"01, 02, 03, 04, 05, 06, 07, 08, 09, 10, 11, 12",27,
507,cheval,2018-03-09 14:26:45.783813,2019-01-29 10:38:00.656894,"01, 02, 03, 04, 05, 06, 07, 08, 09, 10, 11, 12",27,
505,blé complet,2018-03-09 13:59:50.077954,2019-01-29 10:38:00.747707,"01, 02, 03, 04, 05, 06, 07, 08, 09, 10, 11, 12",20,237
456,banane,2018-03-01 14:15:04.929801,2019-01-29 10:38:00.849397,"01, 02, 03, 04, 05, 06, 07, 08, 09, 10, 11, 12",11,
487,maquereau,2018-03-01 14:50:47.535512,2019-01-29 10:38:00.960325,"01, 02, 03, 04, 05, 06, 07, 08, 09, 10, 11, 12",25,
486,hareng,2018-03-01 14:50:32.597515,2019-01-29 10:38:01.088123,"01, 02, 03, 04, 05, 09, 10, 11, 12",25,
499,thon,2018-03-01 14:55:48.322846,2019-01-29 10:38:01.293781,"04, 05, 06, 07, 08, 09, 10, 11, 12",25,
375,sardine à l'huile,2017-12-21 17:16:11.06929,2019-01-29 10:38:01.459989,"01, 02, 03, 04, 05, 06, 07, 08, 09, 10, 11, 12",25,
371,anchois,2017-12-21 17:11:04.320528,2019-01-29 10:38:01.585028,"06, 07, 08, 09, 10, 11",25,
495,rouget-barbet,2018-03-01 14:52:47.652334,2019-01-29 10:38:01.714639,"06, 07, 08, 09, 10, 11",25,
494,rouget,2018-03-01 14:52:34.67355,2019-01-29 10:38:01.839049,"06, 07, 08, 09, 10, 11",25,
477,anguille,2018-03-01 14:48:14.930104,2019-01-29 10:38:01.957417,"06, 07, 08",25,
483,congre,2018-03-01 14:49:36.18734,2019-01-29 10:38:02.090135,"01, 02, 12",25,
501,turbot,2018-03-01 14:56:22.464964,2019-01-29 10:38:02.274477,"02, 03, 04, 05, 06, 07",25,
500,tourteau,2018-03-01 14:55:58.874502,2019-01-29 10:38:02.398748,"03, 04, 05, 06, 07, 08, 09",26,
498,tacaud,2018-03-01 14:55:33.072696,2019-01-29 10:38:02.531025,"01, 02, 06, 07, 08, 09, 10, 11, 12",26,
497,saint-pierre,2018-03-01 14:53:42.078789,2019-01-29 10:38:02.618651,"04, 05, 06, 07",26,
496,saint-jacques,2018-03-01 14:53:13.104239,2019-01-29 10:38:02.776582,"01, 02, 03, 04, 05, 09, 10, 11, 12",26,
493,poulpe,2018-03-01 14:52:19.808467,2019-01-29 10:38:02.901659,"01, 02, 03, 06, 07, 08, 09, 10, 11, 12",26,
277,chou kale,2017-12-18 17:00:11.370768,2019-01-29 10:38:03.299795,"01, 02, 03, 10, 11, 12",14,508
407,chipolata,2017-12-21 18:39:19.463415,2019-01-29 10:38:04.166025,"01, 02, 03, 04, 05, 06, 07, 08, 09, 10, 11, 12",23,510/404
398,pastrami,2017-12-21 18:03:37.43271,2019-01-29 10:38:04.344284,"01, 02, 03, 04, 05, 06, 07, 08, 09, 10, 11, 12",23,509
376,betterave,2017-12-21 17:17:13.251337,2019-01-29 10:38:04.435822,"01, 02, 03, 04, 05, 06, 07, 08, 09, 10, 11, 12",14,
200,saucisse de Francfort,2017-12-15 13:16:46.167609,2019-01-29 10:38:12.825355,"01, 02, 03, 04, 05, 06, 07, 08, 09, 10, 11, 12",23,510/404
294,riz basmati,2017-12-18 17:30:53.810824,2019-01-29 10:38:13.456797,"01, 02, 03, 04, 05, 06, 07, 08, 09, 10, 11, 12",21,21
74,oignon rouge,2017-12-14 16:15:50.064516,2019-01-29 10:38:13.601867,"01, 02, 03, 04, 05, 06, 07, 08, 09, 10, 11, 12",14,7
44,jambon cru,2017-12-14 15:01:25.045563,2019-04-16 09:50:36.974033,"01, 02, 03, 04, 05, 06, 07, 08, 09, 10, 11, 12",23,96
491,merlan,2018-03-01 14:51:47.355681,2019-01-29 10:38:04.795969,"01, 02, 03, 04, 05, 06, 07, 08, 09, 10, 11, 12",26,
490,lieu,2018-03-01 14:51:31.929801,2019-01-29 10:38:04.933327,"01, 02, 03, 04, 05, 06, 07, 08, 09, 10, 11, 12",26,
489,haddock,2018-03-01 14:51:18.857021,2019-01-29 10:38:05.230427,"05, 06, 07, 08, 09, 10, 11",26,
488,grondin rouge,2018-03-01 14:51:03.375308,2019-01-29 10:38:05.53264,"01, 02, 03, 04, 05, 06, 07, 08, 09, 10, 11, 12",26,
485,églefin,2018-03-01 14:50:12.289107,2019-01-29 10:38:05.67755,"01, 02, 03, 04, 05, 06, 07, 08, 09, 10, 11, 12",26,
484,coque,2018-03-01 14:49:49.734294,2019-01-29 10:38:05.822467,"01, 02, 03, 04, 10, 11, 12",26,
482,colin,2018-03-01 14:49:27.016914,2019-01-29 10:38:05.965883,"05, 06, 07, 08, 09, 10, 11",26,
481,chinchard,2018-03-01 14:49:06.66349,2019-01-29 10:38:06.053734,"01, 02, 03, 04, 05, 12",26,
480,cabillaud,2018-03-01 14:48:56.380412,2019-01-29 10:38:06.164975,"01, 02, 03, 04, 05, 06, 07, 08, 09, 10, 11, 12",26,
479,brochet,2018-03-01 14:48:41.735588,2019-01-29 10:38:06.292003,"01, 02, 03, 04, 05, 12",26,
478,bar,2018-03-01 14:48:28.100054,2019-01-29 10:38:06.383523,"01, 02, 03, 04, 09, 10, 11, 12",26,
476,raisin,2018-03-01 14:21:23.711299,2019-01-29 10:38:06.448542,"07, 08, 09, 10",11,
474,prune,2018-03-01 14:20:25.745352,2019-01-29 10:38:06.608535,"07, 08, 09, 10",11,
473,poire,2018-03-01 14:20:02.158732,2019-01-29 10:38:06.718249,"01, 02, 03, 08, 09, 10, 11, 12",11,
472,pêche,2018-03-01 14:19:48.448842,2019-01-29 10:38:06.874621,"06, 07, 08, 09",11,
471,pastèque,2018-03-01 14:19:31.994391,2019-01-29 10:38:06.94719,"06, 07, 08, 09",11,
470,papaye,2018-03-01 14:19:21.596892,2019-01-29 10:38:07.03904,"01, 02, 03, 04, 05, 06, 07, 08, 09, 10, 11, 12",11,
468,noix,2018-03-01 14:18:25.657251,2019-01-29 10:38:07.140034,"09, 10, 11",15,
467,noisette,2018-03-01 14:18:10.060666,2019-01-29 10:38:07.262247,"08, 09, 10, 11",15,
466,nectarine,2018-03-01 14:17:57.159142,2019-01-29 10:38:07.4227,"06, 07, 08, 09",11,
465,myrtille,2018-03-01 14:17:40.648597,2019-01-29 10:38:07.491869,"07, 08, 09",11,
464,mûre,2018-03-01 14:17:30.387161,2019-01-29 10:38:07.610019,"07, 08, 09",11,
463,mirabelle,2018-03-01 14:17:14.346904,2019-01-29 10:38:07.709532,"08, 09",11,
440,amande,2018-03-01 14:10:18.433325,2019-01-29 10:38:07.825788,"06, 07, 08",15,
461,mangue,2018-03-01 14:16:28.300839,2019-01-29 10:38:07.923321,"01, 02, 03, 04, 05, 06, 07, 08, 09, 10, 11, 12",11,
460,mangoustan,2018-03-01 14:16:15.466197,2019-01-29 10:38:08.112034,"01, 02, 03, 04, 05, 06, 07, 08, 09, 10, 11, 12",11,
459,mandarine,2018-03-01 14:15:59.100886,2019-01-29 10:38:08.194172,"01, 02, 03, 09, 10, 11, 12",11,
458,litchi,2018-03-01 14:15:46.634584,2019-01-29 10:38:08.317796,"01, 06, 07, 08, 11, 12",11,
457,fruit de la passion,2018-03-01 14:15:34.895206,2019-01-29 10:38:08.45426,"01, 02, 03, 04, 05, 06, 07, 08, 09, 10, 11, 12",11,
455,kiwi,2018-03-01 14:14:53.203876,2019-01-29 10:38:08.550601,"01, 02, 03, 04, 05, 06, 07, 08, 09, 10, 11, 12",11,
454,kaki,2018-03-01 14:14:40.4615,2019-01-29 10:38:08.646442,"01, 10, 11, 12",11,
453,groseille,2018-03-01 14:14:22.94726,2019-01-29 10:38:08.712685,"06, 07, 08, 09, 10",11,
452,grenade,2018-03-01 14:14:01.423218,2019-01-29 10:38:08.768121,"01, 02, 11, 12",11,
451,goyave,2018-03-01 14:13:44.027137,2019-01-29 10:38:08.825478,12,11,
450,framboise,2018-03-01 14:13:32.299675,2019-01-29 10:38:08.886647,"06, 07, 08, 09",11,
449,fraise,2018-03-01 14:13:19.045585,2019-01-29 10:38:08.992902,"06, 07, 08, 09, 10",11,
447,datte,2018-03-01 14:12:53.740183,2019-01-29 10:38:09.075323,"01, 10, 11, 12",12,
448,figue,2018-03-01 14:13:05.627353,2019-01-29 10:38:09.214715,"07, 08, 09, 10",12,
462,marron,2018-03-01 14:16:43.28398,2019-01-29 10:38:09.396196,"08, 09, 10, 11, 12",12,
469,noix de coco,2018-03-01 14:18:51.302878,2019-01-29 10:38:09.57044,"01, 02, 11, 12",12,
446,coing,2018-03-01 14:12:42.675629,2019-01-29 10:38:09.688146,"09, 10, 11",11,
445,clémentine,2018-03-01 14:12:27.708425,2019-01-29 10:38:09.756305,"01, 02, 03, 04, 10, 11, 12",11,
444,châtaigne,2018-03-01 14:12:10.343914,2019-01-29 10:38:09.840476,"09, 10, 11, 12",12,
443,cassis,2018-03-01 14:11:38.476054,2019-01-29 10:38:09.944522,"07, 08, 09",11,
442,carambole,2018-03-01 14:11:22.217039,2019-01-29 10:38:09.999476,"01, 11, 12",11,
441,brugnon,2018-03-01 14:11:08.123819,2019-01-29 10:38:10.061831,"07, 08, 09",11,
439,abricot,2018-03-01 14:09:47.518381,2019-01-29 10:38:10.125435,"06, 07, 08",11,
437,sapotille,2018-03-01 14:07:05.020435,2019-01-29 10:38:10.363685,"09, 10, 11, 12",11,
436,reine-claude,2018-03-01 14:06:32.61729,2019-01-29 10:38:10.450253,"08, 09",11,
435,quetsche,2018-03-01 14:05:35.936883,2019-01-29 10:38:10.525571,"07, 08, 09, 10",11,
502,flageolet,2018-03-09 13:50:03.45272,2019-01-29 10:38:10.590134,"01, 02, 03, 04, 05, 06, 07, 08, 09, 10, 11, 12",22,
503,tofu,2018-03-09 13:55:14.397763,2019-01-29 10:38:10.661223,"01, 02, 03, 04, 05, 06, 07, 08, 09, 10, 11, 12",22,
48,pain ciabattina,2017-12-14 15:40:05.661407,2019-01-29 10:38:10.743507,"01, 02, 03, 04, 05, 06, 07, 08, 09, 10, 11, 12",17,
325,magret de canard,2017-12-19 17:20:47.309006,2019-01-29 10:38:10.844178,"01, 02, 03, 04, 05, 06, 07, 08, 09, 10, 11, 12",28,
413,oignons frits,2017-12-21 18:55:33.900437,2019-01-29 10:38:10.922985,"01, 02, 03, 04, 05, 06, 07, 08, 09, 10, 11, 12",37,
139,olive verte,2017-12-14 17:44:55.350648,2019-01-29 10:38:11.020647,"01, 02, 03, 04, 05, 06, 07, 08, 09, 10, 11, 12",15,
321,lasagne,2017-12-19 17:11:14.77626,2019-01-29 10:38:11.193067,"01, 02, 03, 04, 05, 06, 07, 08, 09, 10, 11, 12",21,3
342,dorade,2017-12-21 11:47:01.021457,2019-01-29 10:38:11.29471,"01, 02, 03, 04, 05, 06, 07, 08, 09, 10, 11, 12",26,
330,mimolette,2017-12-19 17:59:04.232632,2019-01-29 10:38:11.400876,"01, 02, 03, 04, 05, 06, 07, 08, 09, 10, 11, 12",30,
324,petit-suisse,2017-12-19 17:18:38.86877,2019-01-29 10:38:11.525294,"01, 02, 03, 04, 05, 06, 07, 08, 09, 10, 11, 12",33,
322,pintade,2017-12-19 17:17:37.759577,2019-01-29 10:38:11.642163,"01, 02, 03, 04, 05, 06, 07, 08, 09, 10, 11, 12",28,
132,gingembre,2017-12-14 17:39:34.710224,2019-01-29 10:38:11.757607,"01, 02, 03, 04, 05, 06, 07, 08, 09, 10, 11, 12",44,
504,riz complet,2018-03-09 13:59:39.900452,2019-01-29 10:38:11.868384,"01, 02, 03, 04, 05, 06, 07, 08, 09, 10, 11, 12",20,21
240,riz long,2017-12-15 14:47:01.36672,2019-01-29 10:38:12.001173,"01, 02, 03, 04, 05, 06, 07, 08, 09, 10, 11, 12",21,21
210,tomate pelée au basilic,2017-12-15 13:31:12.861855,2019-01-29 10:38:12.111729,"01, 02, 03, 04, 05, 06, 07, 08, 09, 10, 11, 12",47,5
368,salade iceberg,2017-12-21 17:07:30.670204,2019-01-29 10:38:12.21764,"01, 02, 03, 04, 05, 06, 07, 08, 09, 10, 11, 12",14,86
274,pomme de terre rouge,2017-12-18 16:54:55.664858,2019-01-29 10:38:12.339663,"01, 02, 03, 04, 05, 06, 07, 08, 09, 10, 11, 12",14,53
135,pulpe de tomates,2017-12-14 17:41:17.63612,2019-01-29 10:38:12.477368,"01, 02, 03, 04, 05, 06, 07, 08, 09, 10, 11, 12",37,5
338,clou de girofle,2017-12-20 15:50:01.712531,2019-01-29 10:38:12.609304,"01, 02, 03, 04, 05, 06, 07, 08, 09, 10, 11, 12",14,308
420,chou rouge,2018-03-01 11:44:33.319604,2019-01-29 10:38:12.705163,"01, 02, 03, 04, 05, 06, 07, 08, 09, 10, 11, 12",14,508
93,bacon,2017-12-14 16:39:05.613348,2019-04-16 15:12:35.197192,"01, 02, 03, 04, 05, 06, 07, 08, 09, 10, 11, 12",23,
341,navet jaune,2017-12-20 16:36:55.288581,2019-01-29 10:38:13.273462,"06, 07, 08, 09, 10, 11",14,259
424,cresson,2018-03-01 11:49:58.920056,2019-01-29 10:38:19.815533,"01, 07, 08, 09, 10, 11, 12",14,
26,concentré de tomate,2017-12-13 17:29:55.257501,2019-01-29 10:37:14.676962,"01, 02, 03, 04, 05, 06, 07, 08, 09, 10, 11, 12",37,5
128,pistou,2017-12-14 17:18:45.649887,2019-01-29 10:37:19.418161,"01, 02, 03, 04, 05, 06, 07, 08, 09, 10, 11, 12",37,
157,pommes de terre rissolées,2017-12-14 18:29:13.481227,2019-01-29 10:37:23.481746,"01, 02, 03, 04, 05, 06, 07, 08, 09, 10, 11, 12",47,53
168,frites,2017-12-14 18:41:49.185577,2019-01-29 10:37:28.685893,"01, 02, 03, 04, 05, 06, 07, 08, 09, 10, 11, 12",19,
293,herbes aromatiques,2017-12-18 17:29:34.691294,2019-01-29 10:37:34.098524,"01, 02, 03, 04, 05, 06, 07, 08, 09, 10, 11, 12",44,
249,tapenade,2017-12-15 16:00:54.008811,2019-01-29 10:37:39.548951,"01, 02, 03, 04, 05, 06, 07, 08, 09, 10, 11, 12",15,
328,filet de porc,2017-12-19 17:29:08.788221,2019-01-29 10:37:43.660977,"01, 02, 03, 04, 05, 06, 07, 08, 09, 10, 11, 12",27,510
304,lentille blonde,2017-12-19 16:14:38.921311,2019-01-29 10:37:49.937522,"01, 02, 03, 04, 05, 06, 07, 08, 09, 10, 11, 12",22,
320,sucre en morceaux,2017-12-19 17:06:59.137842,2019-01-29 10:37:56.1177,"01, 02, 03, 04, 05, 06, 07, 08, 09, 10, 11, 12",38,516
430,truffe,2018-03-01 12:03:51.590486,2019-01-29 10:37:56.461554,"01, 02, 03, 04, 05, 06, 07, 08, 09, 10, 11, 12",14,308
391,rösti,2017-12-21 17:46:47.241293,2019-01-29 10:37:59.439246,"01, 02, 03, 04, 05, 06, 07, 08, 09, 10, 11, 12",19,
419,chou de Bruxelles,2018-03-01 11:43:15.882665,2019-01-29 10:38:02.990317,"01, 02, 03, 09, 10, 11, 12",14,508
475,pruneau,2018-03-01 14:21:06.991716,2019-01-29 10:38:06.532599,"01, 02, 03, 04, 05, 06, 07, 08, 09, 10, 11, 12",12,
438,yuzu,2018-03-01 14:07:26.477565,2019-01-29 10:38:10.273632,"09, 10, 11, 12",11,
382,jus d'orange,2017-12-21 17:29:21.409979,2019-01-29 10:38:11.124655,"01, 02, 03, 04, 05, 06, 07, 08, 09, 10, 11, 12",41,
509,boeuf,2018-05-16 15:39:02.471407,2019-01-29 10:38:13.889687,"01, 02, 03, 04, 05, 06, 07, 08, 09, 10, 11, 12",27,
510,porc,2018-05-16 15:41:33.017946,2019-01-29 10:38:14.069973,"01, 02, 03, 04, 05, 06, 07, 08, 09, 10, 11, 12",27,
312,sauté de veau,2017-12-19 16:35:57.171941,2019-01-29 10:38:14.301711,"01, 02, 03, 04, 05, 06, 07, 08, 09, 10, 11, 12",27,334
337,queue de bœuf,2017-12-20 15:48:35.175002,2019-01-29 10:38:14.466143,"01, 02, 03, 04, 05, 06, 07, 08, 09, 10, 11, 12",27,509
336,joue de bœuf,2017-12-20 15:48:23.652886,2019-01-29 10:38:14.672827,"01, 02, 03, 04, 05, 06, 07, 08, 09, 10, 11, 12",27,509
335,gite de bœuf,2017-12-20 15:48:13.024812,2019-01-29 10:38:14.857668,"01, 02, 03, 04, 05, 06, 07, 08, 09, 10, 11, 12",27,509
511,dinde,2018-05-16 15:45:08.024463,2019-01-29 10:38:15.005936,"01, 02, 03, 04, 05, 06, 07, 08, 09, 10, 11, 12",28,
162,filet de poulet,2017-12-14 18:35:17.94351,2019-01-29 10:38:15.173803,"01, 02, 03, 04, 05, 06, 07, 08, 09, 10, 11, 12",28,327
400,pain de mie aux céréales,2017-12-21 18:24:53.957856,2019-01-29 10:38:15.296884,"01, 02, 03, 04, 05, 06, 07, 08, 09, 10, 11, 12",16,84
354,baguette tradition,2017-12-21 16:44:29.394741,2019-01-29 10:38:15.453517,"01, 02, 03, 04, 05, 06, 07, 08, 09, 10, 11, 12",17,349
56,ail,2017-12-14 15:45:07.596985,2019-01-29 10:38:15.558282,"01, 02, 03, 04, 05, 06, 07, 08, 09, 10, 11, 12",14,
275,ciboule,2017-12-18 16:55:36.266098,2019-01-29 10:38:15.728109,"01, 02, 03, 04, 05, 06, 07, 08, 09, 10, 11, 12",44,
105,ciboulette,2017-12-14 16:53:43.792497,2019-01-29 10:38:15.94802,"01, 02, 03, 04, 05, 06, 07, 08, 09, 10, 11, 12",44,
173,endive,2017-12-14 18:47:42.640614,2019-01-29 10:38:16.097032,"01, 02, 03, 04, 10, 11, 12",14,
415,blette,2018-03-01 11:32:47.120208,2019-01-29 10:38:16.234353,"04, 05, 06, 07, 08, 09, 10, 11",14,
508,chou,2018-05-16 15:29:03.094851,2019-01-29 10:38:16.351545,"01, 02, 03, 04, 05, 06, 07, 08, 09, 10, 11, 12",14,
306,fenouil,2017-12-19 16:16:23.478491,2019-01-29 10:38:16.48526,"05, 06, 07, 08, 09, 10, 11",14,
227,tortilla de blé,2017-12-15 13:46:54.881677,2019-01-29 10:38:16.626915,"01, 02, 03, 04, 05, 06, 07, 08, 09, 10, 11, 12",21,237
186,saucisse de porc,2017-12-15 12:43:32.312455,2019-01-29 10:38:16.775243,"01, 02, 03, 04, 05, 06, 07, 08, 09, 10, 11, 12",23,510/404
404,saucisse,2017-12-21 18:34:40.731381,2019-01-29 10:38:16.885666,"01, 02, 03, 04, 05, 06, 07, 08, 09, 10, 11, 12",23,510
512,saucisson,2018-07-18 10:54:08.078007,2019-01-29 10:38:17.543641,"01, 02, 03, 04, 05, 06, 07, 08, 09, 10, 11, 12",23,510
513,fusilli,2018-09-18 14:57:44.227936,2019-01-29 10:38:17.631368,"01, 02, 03, 04, 05, 06, 07, 08, 09, 10, 11, 12",20,3
514,graine de sésame,2018-09-19 09:14:08.063017,2019-01-29 10:38:17.695792,"01, 02, 03, 04, 05, 06, 07, 08, 09, 10, 11, 12",15,36
515,marjolaine,2018-09-26 16:39:05.227511,2019-01-29 10:38:17.788844,"01, 02, 03, 04, 05, 06, 07, 08, 09, 10, 11, 12",44,
516,sucre,2018-10-01 15:44:51.462516,2019-01-29 10:38:17.882753,"01, 02, 03, 04, 05, 06, 07, 08, 09, 10, 11, 12",38,
517,épices,2018-10-01 16:34:05.313253,2019-01-29 10:38:18.019773,"01, 02, 03, 04, 05, 06, 07, 08, 09, 10, 11, 12",44,
518,pois cassés,2018-10-02 14:24:24.705558,2019-01-29 10:38:18.104699,"01, 02, 03, 04, 05, 06, 07, 08, 09, 10, 11, 12",22,
519,haricot sec,2018-10-02 14:42:11.547369,2019-01-29 10:38:18.189851,"01, 02, 03, 04, 05, 06, 07, 08, 09, 10, 11, 12",22,
520,haricot azuki,2018-10-02 14:43:36.281753,2019-01-29 10:38:18.276196,"01, 02, 03, 04, 05, 06, 07, 08, 09, 10, 11, 12",22,519
523,nuggets de poulet,2018-11-14 16:27:21.425561,2019-01-29 10:38:18.386165,"01, 02, 03, 04, 05, 06, 07, 08, 09, 10, 11, 12",28,327
522,poisson pané,2018-11-14 16:09:57.522272,2019-01-29 10:38:18.465481,"01, 02, 03, 04, 05, 06, 07, 08, 09, 10, 11, 12",26,19
521,chips,2018-11-14 15:00:06.855189,2019-01-29 10:38:18.547968,"01, 02, 03, 04, 05, 06, 07, 08, 09, 10, 11, 12",19,53
524,huile de coco,2018-11-14 18:12:02.214662,2019-01-29 10:38:18.636898,"01, 02, 03, 04, 05, 06, 07, 08, 09, 10, 11, 12",35,
526,chou vert,2018-11-15 13:01:42.409815,2019-01-29 10:38:18.7124,"01, 02, 03, 04, 05, 06, 07, 08, 09, 10, 11, 12",14,508/422
527,pois gourmand,2018-11-15 13:58:00.088278,2019-01-29 10:38:18.826334,"01, 02, 03, 04, 05, 06, 07, 08, 09, 10, 11, 12",14,
561,filet de maquereau moutarde,2018-11-20 10:51:10.170018,2019-01-29 10:38:18.937465,"01, 02, 03, 04, 05, 06, 07, 08, 09, 10, 11, 12",25,487
563,fromage à raclette,2018-11-20 11:30:10.010202,2019-01-29 10:38:19.05251,"01, 02, 03, 04, 05, 06, 07, 08, 09, 10, 11, 12",30,
564,gorgonzola,2018-11-20 11:43:38.21361,2019-01-29 10:38:19.163108,"01, 02, 03, 04, 05, 06, 07, 08, 09, 10, 11, 12",30,
565,bresaola,2018-11-20 11:47:20.444181,2019-01-29 10:38:19.314146,"01, 02, 03, 04, 05, 06, 07, 08, 09, 10, 11, 12",23,
566,sirop d'érable,2018-11-21 11:39:42.70214,2019-01-29 10:38:19.478696,"01, 02, 03, 04, 05, 06, 07, 08, 09, 10, 11, 12",38,
567,beurre de cacahuète,2018-11-21 11:43:09.836054,2019-01-29 10:38:19.642262,"01, 02, 03, 04, 05, 06, 07, 08, 09, 10, 11, 12",15,
568,tahin,2018-11-22 17:56:51.73933,2019-01-29 10:38:19.755145,"01, 02, 03, 04, 05, 06, 07, 08, 09, 10, 11, 12",15,36
421,chou romanesco,2018-03-01 11:45:02.612189,2019-01-29 10:38:19.883979,"06, 07, 08, 09",14,508
569,graine de courge,2019-02-12 11:05:33.141424,2019-02-12 11:05:33.141424,"01, 02, 03, 04, 05, 06, 07, 08, 09, 10, 11, 12",15,
570,viande de grison,2019-04-16 09:50:04.71235,2019-04-16 09:50:04.71235,"01, 02, 03, 04, 05, 06, 07, 08, 09, 10, 11, 12",23,
49,jambon de Parme,2017-12-14 15:40:28.51564,2019-04-16 09:50:36.982492,"01, 02, 03, 04, 05, 06, 07, 08, 09, 10, 11, 12",23,96
45,jambon sec,2017-12-14 15:01:32.642657,2019-04-16 09:50:36.99091,"01, 02, 03, 04, 05, 06, 07, 08, 09, 10, 11, 12",23,96
329,jambon de Bayonne,2017-12-19 17:32:48.192842,2019-04-16 09:50:37.000094,"01, 02, 03, 04, 05, 06, 07, 08, 09, 10, 11, 12",23,96
96,jambon,2017-12-14 16:41:50.260625,2019-04-16 09:50:37.007459,"01, 02, 03, 04, 05, 06, 07, 08, 09, 10, 11, 12",23,
571,pesto rosso,2019-04-16 09:57:29.228797,2019-04-16 09:57:29.228797,"01, 02, 03, 04, 05, 06, 07, 08, 09, 10, 11, 12",37,51
572,burrata,2019-04-16 09:58:19.063822,2019-04-16 09:58:19.063822,"01, 02, 03, 04, 05, 06, 07, 08, 09, 10, 11, 12",30,
573,ravioli ricotta épinard,2019-04-16 11:18:55.964417,2019-04-16 11:18:55.964417,"01, 02, 03, 04, 05, 06, 07, 08, 09, 10, 11, 12",19,
574,crème semi-épaisse,2019-04-19 15:57:45.799483,2019-04-19 15:57:45.799483,"01, 02, 03, 04, 05, 06, 07, 08, 09, 10, 11, 12",32,
575,rigatoni,2019-04-19 16:27:33.522154,2019-04-19 16:27:33.522154,"01, 02, 03, 04, 05, 06, 07, 08, 09, 10, 11, 12",20,3
576,huile végétale,2019-04-19 17:25:24.381675,2019-04-19 17:25:24.381675,"01, 02, 03, 04, 05, 06, 07, 08, 09, 10, 11, 12",35,
578,caviar de tomates séchées,2019-04-19 17:37:03.353335,2019-04-19 17:37:03.353335,"01, 02, 03, 04, 05, 06, 07, 08, 09, 10, 11, 12",37,
577,caviar de poivrons,2019-04-19 17:36:21.39369,2019-04-19 17:37:14.452444,"01, 02, 03, 04, 05, 06, 07, 08, 09, 10, 11, 12",37,
579,taboulé aux légumes,2019-04-19 18:03:31.905459,2019-04-19 18:03:31.905459,"01, 02, 03, 04, 05, 06, 07, 08, 09, 10, 11, 12",47,
580,chorizo,2019-04-19 22:40:40.122704,2019-04-19 22:40:40.122704,"01, 02, 03, 04, 05, 06, 07, 08, 09, 10, 11, 12",23,
581,thon à la tomate,2019-04-19 22:43:43.731336,2019-04-19 22:43:43.731336,"01, 02, 03, 04, 05, 06, 07, 08, 09, 10, 11, 12",25,
582,graine de sarrasin,2019-04-25 16:04:00.80097,2019-04-25 16:04:00.80097,"01, 02, 03, 04, 05, 06, 07, 08, 09, 10, 11, 12",20,
583,seitan,2019-04-25 16:33:57.653642,2019-04-25 16:33:57.653642,"01, 02, 03, 04, 05, 06, 07, 08, 09, 10, 11, 12",20,
584,garam masala,2019-04-25 16:38:12.402741,2019-04-25 16:38:12.402741,"01, 02, 03, 04, 05, 06, 07, 08, 09, 10, 11, 12",44,
585,quinoa rouge,2019-04-25 16:42:07.968362,2019-04-25 16:42:07.968362,"01, 02, 03, 04, 05, 06, 07, 08, 09, 10, 11, 12",20,66
586,farine de pois chiche,2019-04-25 16:43:54.51496,2019-04-25 16:43:54.51496,"01, 02, 03, 04, 05, 06, 07, 08, 09, 10, 11, 12",22,
587,tofu soyeux,2019-04-25 16:50:58.990702,2019-04-25 16:50:58.990702,"01, 02, 03, 04, 05, 06, 07, 08, 09, 10, 11, 12",22,503
588,levure maltée,2019-04-25 17:02:19.655981,2019-04-25 17:02:19.655981,"01, 02, 03, 04, 05, 06, 07, 08, 09, 10, 11, 12",44,
589,sauce barbecue,2019-04-25 17:07:42.385441,2019-04-25 17:07:42.385441,"01, 02, 03, 04, 05, 06, 07, 08, 09, 10, 11, 12",37,
590,graine de moutarde,2019-04-25 17:14:01.574544,2019-04-25 17:14:01.574544,"01, 02, 03, 04, 05, 06, 07, 08, 09, 10, 11, 12",44,
591,pancetta,2019-04-25 17:22:36.23958,2019-04-25 17:22:36.23958,"01, 02, 03, 04, 05, 06, 07, 08, 09, 10, 11, 12",23,
592,bouillon aux épices,2019-04-25 17:48:57.330045,2019-04-25 17:49:04.461543,"01, 02, 03, 04, 05, 06, 07, 08, 09, 10, 11, 12",37,
593,noix de cajou,2019-04-25 17:59:26.613834,2019-04-25 17:59:26.613834,"01, 02, 03, 04, 05, 06, 07, 08, 09, 10, 11, 12",15,
594,sauce sriracha,2019-04-25 18:02:54.168844,2019-04-25 18:02:54.168844,"01, 02, 03, 04, 05, 06, 07, 08, 09, 10, 11, 12",37,
595,galette de pomme de terre hash brown,2019-04-25 18:04:36.745472,2019-04-25 18:04:36.745472,"01, 02, 03, 04, 05, 06, 07, 08, 09, 10, 11, 12",47,
596,pousse d'épinard,2019-04-26 05:17:22.061202,2019-04-26 05:17:22.061202,"01, 02, 03, 04, 05, 06, 07, 08, 09, 10, 11, 12",14,
597,semoule de maïs,2019-04-26 05:23:12.070361,2019-04-26 05:23:12.070361,"01, 02, 03, 04, 05, 06, 07, 08, 09, 10, 11, 12",20,
